has_driver	am_score_normalized
Drivers	-0.7071067811865475
Drivers	0.8256452875447978
Drivers	-0.07505866250415585
Drivers	-0.3227551787217137
Drivers	-0.3227551787217137
Drivers	-1.1143837866019897
Drivers	3.2578100852218204
Drivers	-0.3227551787217137
Drivers	-0.3227551787217137
Drivers	0.7505866250407253
Drivers	-0.3227551787217137
Drivers	-0.3227551787217137
Drivers	-1.6512905750898457
Drivers	-0.3227551787217137
Drivers	0.02178056858804514
Drivers	-0.3227551787217137
Drivers	0.40260456828047186
Drivers	-0.3227551787217137
Drivers	-1.5196499063574915
Drivers	-0.3227551787217137
Drivers	0.1501173250080617
Drivers	-0.3227551787217137
Drivers	-0.3227551787217137
Drivers	0.7071067811865475
Drivers	-0.3227551787217137
Drivers	-0.3227551787217137
Drivers	0.24806729304296493
Drivers	-0.3227551787217137
Drivers	-3.0878878678238206
Drivers	0.4380850651462255
Drivers	0.3489895952388878
Passengers in absence of driver	0.4700998932126625
Passengers in absence of driver	0.2829285136494206
Drivers	0.40891221216771634
Passengers in absence of driver	-1.2072582106689362
Passengers in absence of driver	-1.067802367758419
Passengers in absence of driver	0.6494371235808301
Passengers in absence of driver	1.042718075240685
Drivers	-2.140365754817955
Drivers	-0.610672003843453
Drivers	0.4349312432026033
Drivers	0.43571969868850885
Drivers	-1.8241632633831193
Drivers	0.482072744023057
Drivers	0.5164490774707668
Passengers in absence of driver	-0.6478902742607952
Passengers in absence of driver	1.169125735247329
Passengers in absence of driver	-1.1051774680359445
Passengers in absence of driver	-0.6872866670069634
Drivers	0.5159675959861186
Passengers in absence of driver	-0.7189693768819968
Passengers in absence of driver	-0.8261481061991984
Passengers in absence of driver	0.8851922091758101
Drivers	0.4207390444563015
Drivers	0.4207390444563015
Drivers	0.9583606151178148
Drivers	0.42862359931535793
Drivers	0.3044910855007564
Passengers in absence of driver	0.7822657900474133
Drivers	-1.272074883783119
Drivers	-1.3980109576667792
Drivers	-0.6481986307077358
Drivers	0.516930558955415
Passengers in absence of driver	2.373250243759652
Passengers in absence of driver	-0.1548109351605939
Drivers	0.5071405267122518
Drivers	0.02178056858804514
Passengers in absence of driver	-1.1767512903271027
Drivers	0.8580894843610075
Drivers	0.5071405267122518
Drivers	0.8580894843610075
Drivers	-0.21982517127448217
Drivers	-0.610672003843453
Drivers	0.3584510610697554
Passengers in absence of driver	-0.12383914447244766
Drivers	0.44281579806165977
Passengers in absence of driver	0.009312770791031825
Drivers	-0.6812996076087386
Passengers in absence of driver	-0.8781735241347347
Drivers	0.41600831154086726
Drivers	0.4349312432026033
Passengers in absence of driver	-0.8405119755121068
Drivers	-0.610672003843453
Passengers in absence of driver	1.4354483327208303
Drivers	0.23466354978256868
Passengers in absence of driver	-0.8727968506603305
Passengers in absence of driver	1.2093785719322039
Drivers	0.3066658867449394
Drivers	0.5150046330168224
Drivers	0.5174120404400631
Passengers in absence of driver	1.5789439252488116
Passengers in absence of driver	0.9850250149846724
Drivers	0.9082250497394251
Drivers	-0.9236620431119748
Passengers in absence of driver	-1.020294718733786
Drivers	0.42152749994220706
Passengers in absence of driver	-0.9621119799615911
Passengers in absence of driver	-0.8405119755121068
Drivers	0.482072744023057
Drivers	0.30144636375890077
Passengers in absence of driver	1.6907034817153608
Drivers	-0.7211808250584347
Drivers	0.30275124450541036
Drivers	1.179621166947647
Drivers	0.4822638920607452
Drivers	-1.3980109576667792
Passengers in absence of driver	-0.4580371815983081
Passengers in absence of driver	0.32279776298851015
Drivers	0.15529561724648044
Passengers in absence of driver	0.5341887938940874
Passengers in absence of driver	-0.878512571094174
Drivers	0.5767973988915528
Passengers in absence of driver	-0.26330666481343734
Passengers in absence of driver	-1.9357311526496594
Passengers in absence of driver	0.7779566811393945
Drivers	0.4639804038529371
Drivers	-2.983564474460556
Drivers	0.5779029630678968
Passengers in absence of driver	-0.8951044315906967
Passengers in absence of driver	0.5339058335038295
Drivers	0.268123049591167
Passengers in absence of driver	1.95394172441596
Passengers in absence of driver	0.14391505094104515
Drivers	0.268123049591167
Passengers in absence of driver	-0.3574825791604691
Drivers	0.5330569523330555
Drivers	0.1051548602567171
Passengers in absence of driver	0.18806365943885167
Drivers	0.31503741139876346
Drivers	0.3542720742878482
Drivers	0.268123049591167
Drivers	0.27034625022850045
Passengers in absence of driver	-0.13863932703567167
Drivers	0.4888953455537418
Passengers in absence of driver	-0.6167483638043003
Drivers	0.2981362581951719
Drivers	0.28479705437116987
Passengers in absence of driver	-0.9734319675127083
Drivers	0.34537927173851307
Passengers in absence of driver	-1.4021411267592496
Passengers in absence of driver	-0.10223234589672887
Passengers in absence of driver	-0.6850354445643253
Drivers	0.34537927173851307
Drivers	0.3342632685518445
Drivers	0.20539727274247066
Passengers in absence of driver	-0.7109245026546644
Drivers	0.2981362581951719
Drivers	-0.5883150742591409
Drivers	0.20539727274247066
Drivers	-1.7884682304704236
Passengers in absence of driver	-0.8908125586640686
Passengers in absence of driver	1.7458351724727312
Drivers	0.9120300115617904
Drivers	0.41277233675088526
Passengers in absence of driver	1.948594061320883
Passengers in absence of driver	-0.20815149046546935
Passengers in absence of driver	0.7447858406500693
Passengers in absence of driver	0.5199702147505251
Drivers	0.9252683943112617
Passengers in absence of driver	-1.1547003619594496
Drivers	-4.378366282436296
Drivers	-0.2987931129289307
Passengers in absence of driver	-0.6538935341078305
Passengers in absence of driver	0.5199702147505251
Drivers	0.22866123827849358
Drivers	0.27646005198116813
Drivers	0.4632740856860123
Drivers	0.3270378664805101
Drivers	0.5336228731135716
Passengers in absence of driver	-0.9066113518257357
Drivers	-0.27767270687426027
Drivers	0.27646005198116813
Drivers	0.3148102629751748
Passengers in absence of driver	1.428976903907407
Drivers	-0.2987931129289307
Drivers	0.4484414041805904
Passengers in absence of driver	0.6011323532246626
Passengers in absence of driver	-0.9873097574706416
Drivers	0.3252182814168475
Drivers	0.33982127014517877
Passengers in absence of driver	-0.8668760233397349
Drivers	-1.1547005383792517
Passengers in absence of driver	0.792976701518472
Drivers	0.334797396492586
Passengers in absence of driver	-0.3116902054766311
Passengers in absence of driver	-0.13346728986917042
Passengers in absence of driver	1.070819686287562
Passengers in absence of driver	-0.7590848441407207
Drivers	0.40260456828047186
Passengers in absence of driver	-0.8166551330311035
Drivers	-0.30266512607490115
Drivers	-1.1399007945958535
Drivers	0.47971822143792503
Drivers	0.7939253091614098
Passengers in absence of driver	1.5780239048560842
Drivers	0.4786138102439028
Passengers in absence of driver	-0.11886816934100373
Drivers	0.4365081541744144
Passengers in absence of driver	1.116325341362434
Drivers	0.4365081541744144
Passengers in absence of driver	-0.8172675829129159
Drivers	0.6734927080326569
Drivers	0.3332204855207749
Passengers in absence of driver	1.1504633199943568
Drivers	0.4420273425757542
Drivers	0.21852441426030883
Drivers	0.4167967670267728
Drivers	0.4246813218858293
Passengers in absence of driver	-0.9774232270069056
Drivers	-0.18888064875383836
Drivers	0.41206603411133946
Passengers in absence of driver	1.5147915261847094
Passengers in absence of driver	-0.9352531871582573
Passengers in absence of driver	-1.0405260280196338
Passengers in absence of driver	-0.988447324879532
Drivers	0.013107558243083121
Drivers	0.21852441426030883
Passengers in absence of driver	-0.7015672382952677
Drivers	0.514507174049629
Drivers	0.4156623721846283
Passengers in absence of driver	-0.5110852333985285
Passengers in absence of driver	1.3421033992339135
Passengers in absence of driver	0.6390993689105725
Drivers	0.3584510610697554
Passengers in absence of driver	-0.718050702059278
Drivers	0.6376202722262301
Passengers in absence of driver	-0.6608214491701372
Passengers in absence of driver	-0.8961330840320597
Drivers	0.43966197611803665
Passengers in absence of driver	-0.4896418708242198
Passengers in absence of driver	1.0541213564992602
Passengers in absence of driver	0.9754476455385566
Passengers in absence of driver	-1.1624080903359055
Drivers	0.02178056858804514
Drivers	0.5530188174870069
Drivers	0.6376202722262301
Passengers in absence of driver	-0.7416300225090623
Passengers in absence of driver	1.067546928365299
Drivers	0.5773502691896255
Drivers	0.49076233337814856
Drivers	-3.00606260741854
Drivers	-1.2889686801509204
Drivers	0.2073723188883559
Passengers in absence of driver	-1.1484561073638813
Drivers	0.3332204855207749
Drivers	0.2191804198704236
Drivers	0.861942570802418
Drivers	0.9073809894905581
Drivers	0.5424387425531786
Drivers	0.8672038613873605
Drivers	0.43177742125898017
Drivers	0.538804220318121
Passengers in absence of driver	0.8906528867839204
Passengers in absence of driver	0.976615617422229
Passengers in absence of driver	0.7413860800505525
Passengers in absence of driver	-1.154363406073899
Passengers in presence of driver	-0.062131375571131235
Drivers	0.3975141018952152
Drivers	0.4228639565317565
Drivers	-1.2889686801509204
Drivers	-1.2842368846049812
Drivers	0.5773502691896255
Drivers	0.6835369900584564
Passengers in absence of driver	-0.9258867815810143
Drivers	0.6013445885868928
Drivers	0.4167967670267728
Passengers in absence of driver	-1.177334696161396
Drivers	-2.24407419889199
Drivers	0.9877788286061279
Passengers in absence of driver	0.3378284142285723
Drivers	0.5844507072122096
Drivers	0.5702206030366085
Passengers in absence of driver	0.10742009484687322
Drivers	0.707106781186579
Drivers	0.5038286550418146
Drivers	0.33335507023314837
Drivers	-2.032279643764281
Drivers	0.6221264215605204
Drivers	0.7327266742823744
Drivers	0.9850250149846724
Drivers	0.7313488458713693
Drivers	0.23502553703397028
Drivers	-0.6381417324894675
Drivers	0.323426665933344
Drivers	-0.8709769901846918
Drivers	-0.28548445927161126
Drivers	0.6773258739580954
Drivers	0.6221264215605204
Drivers	0.6829236084536164
Drivers	0.6549349359760117
Drivers	0.7390196907723959
Drivers	-0.7071067811865162
Drivers	-1.700478885598719
Drivers	-0.0018102238764923983
Drivers	0.23502553703397028
Drivers	-0.0018102238764923983
Drivers	0.41295382536079256
Drivers	-1.477657741465309
Drivers	-1.5898786328768038
Drivers	0.8433269270042283
Drivers	0.31347313174919106
Drivers	0.8232003401314772
Drivers	-2.0176047504174583
Drivers	0.16259924776349527
Drivers	0.5290200877939052
Drivers	0.8433269270042283
Passengers in presence of driver	-1.1946441143252715
Drivers	-1.2889686801509204
Drivers	0.5668262951995321
Drivers	0.5358904785444772
Drivers	0.7880268006433013
Drivers	0.23502553703397028
Drivers	0.8433269270042283
Drivers	-1.7677461233806941
Drivers	-0.0018102238764923983
Drivers	0.9630671435716259
Drivers	-0.0018102238764923983
Passengers in absence of driver	0.32848753641580003
Drivers	0.28626628127375847
Drivers	-0.3732758529362877
Drivers	0.9401095998584894
Passengers in absence of driver	0.41522100936709144
Drivers	0.13986396656741473
Drivers	0.13986396656741473
Drivers	0.13986396656741473
Drivers	0.13986396656741473
Drivers	0.5196688303947846
Drivers	0.13986396656741473
Drivers	-0.3783363032999158
Drivers	0.13986396656741473
Drivers	0.13986396656741473
Drivers	0.13986396656741473
Drivers	0.13986396656741473
Drivers	0.13986396656741473
Drivers	-0.7071067811865475
Drivers	0.7071067811865475
Passengers in absence of driver	0.0
Drivers	0.0
Drivers	0.42546977737173486
Drivers	-1.2889686801509204
Drivers	-0.035593450276743294
Passengers in absence of driver	-0.52637291068298
Drivers	0.8232003401314772
Passengers in absence of driver	-2.6956464629069288
Drivers	-3.4355967371082095
Drivers	-0.02868058250991673
Passengers in absence of driver	0.0
Drivers	0.4309889657730746
Drivers	-0.5344970270795021
Passengers in absence of driver	-0.06243707890641716
Passengers in absence of driver	-0.3376210817515909
Passengers in absence of driver	-0.728462129270823
Passengers in absence of driver	1.4718134413042834
Drivers	0.6829306766914744
Drivers	-0.2597208639506563
Drivers	0.30280012243067844
Passengers in absence of driver	-0.7891280288646212
Passengers in absence of driver	-1.2413012267758137
Passengers in absence of driver	0.4517893624735512
Passengers in absence of driver	-0.021457153582636834
Drivers	-4.499223187594925
Passengers in absence of driver	-0.7659509644410352
Drivers	0.6887211113566883
Drivers	0.28178314735194215
Drivers	1.5722819256590743
Passengers in presence of driver	-0.739654117516939
Drivers	0.4404504316039422
Passengers in absence of driver	0.5402972986825328
Drivers	0.9675054367295822
Drivers	0.3584510610697554
Passengers in absence of driver	-0.7891280288646212
Drivers	-0.6684166695907637
Drivers	0.9352524699292377
Drivers	0.34716929204134367
Passengers in absence of driver	-0.8146066866832252
Passengers in absence of driver	-0.021457153582636834
Drivers	-0.4441575753804327
Drivers	0.6887211113566883
Passengers in presence of driver	-1.8069562293507742
Passengers in absence of driver	-0.9703585649115838
Drivers	0.8205445200990393
Drivers	-0.8017182062105862
Drivers	0.3432772596193551
Passengers in absence of driver	-0.2917570812773952
Passengers in absence of driver	-0.2195711327049656
Passengers in absence of driver	-0.7113129812674283
Drivers	0.43020051028716905
Drivers	0.7186254902012479
Drivers	-1.8949623257392698
Drivers	0.7234637193479783
Drivers	0.985258609361407
Passengers in absence of driver	-0.8026421648203915
Drivers	0.3584510610697554
Drivers	0.5704025939292967
Passengers in absence of driver	-0.7428195555062234
Passengers in absence of driver	-0.8840009134876603
Passengers in absence of driver	0.44525746547315703
Drivers	0.05557001793177931
Drivers	-1.308978848142327
Drivers	0.7186254902012479
Drivers	0.33938522719736736
Passengers in absence of driver	1.4343246061340709
Passengers in absence of driver	0.4305012218423287
Passengers in absence of driver	-0.7344443902022398
Passengers in absence of driver	0.36941959939500596
Passengers in absence of driver	-0.7210228285193135
Drivers	0.2677786801906065
Drivers	0.5978703347695691
Drivers	0.6887211113566883
Drivers	0.985258609361407
Passengers in absence of driver	-0.3376210817515909
Passengers in absence of driver	-0.7972563087205481
Drivers	0.6887211113566883
Drivers	0.4420273425757542
Passengers in absence of driver	1.1625622787640473
Drivers	1.5730846812296218
Passengers in presence of driver	-0.8274220598967691
Passengers in absence of driver	0.8278159994423304
Passengers in absence of driver	-0.41100348251030383
Drivers	-1.308978848142327
Passengers in absence of driver	-0.4389207001902489
Passengers in absence of driver	0.09474714361691051
Passengers in absence of driver	-1.2702017773746648
Passengers in absence of driver	-1.2587619760959528
Passengers in absence of driver	0.4975485675883989
Passengers in absence of driver	1.1676800845992605
Passengers in absence of driver	1.3368687245633686
Passengers in absence of driver	-1.2223352404453176
Passengers in absence of driver	1.2176539533431072
Passengers in absence of driver	1.3738975550181467
Passengers in absence of driver	0.4641323059584772
Passengers in absence of driver	1.3326540609343693
Passengers in absence of driver	-0.7174445467317989
Passengers in absence of driver	0.7007569612349683
Drivers	-0.3705214865732717
Passengers in absence of driver	-0.17649885399876447
Drivers	0.773250887816674
Drivers	-0.42734515993429856
Drivers	0.3584510610697554
Passengers in absence of driver	-0.2917570812773952
Passengers in absence of driver	-0.8847985482785159
Passengers in absence of driver	2.614026461809468
Passengers in absence of driver	0.01453467841114585
Drivers	-0.1516190506318601
Drivers	0.3487261050101388
Drivers	0.4365081541744144
Passengers in absence of driver	-0.5370297794654848
Passengers in absence of driver	0.7007569612349683
Drivers	0.33938522719736736
Drivers	0.016004759248460204
Drivers	-1.0645008399555738
Drivers	-0.5474237936683792
Drivers	0.7234637193479783
Drivers	0.4309889657730746
Drivers	-1.5634959989513684
Drivers	-1.9248343895307556
Drivers	0.9109465032449372
Drivers	-0.7356311640419106
Drivers	0.3245955039938123
Passengers in absence of driver	1.075388950249062
Drivers	0.8645873461452727
Drivers	0.30435693539947356
Drivers	0.3600279720415665
Passengers in absence of driver	2.8740554036283856
Passengers in absence of driver	-0.6383293979041429
Passengers in absence of driver	-0.5426132230014739
Passengers in absence of driver	-0.39704487367033126
Passengers in absence of driver	-0.8231463852986856
Passengers in absence of driver	1.3326540609343693
Passengers in absence of driver	-0.7174445467317989
Drivers	0.30435693539947356
Passengers in absence of driver	-1.1121518912871973
Drivers	0.23466354978256868
Drivers	-0.3705214865732717
Drivers	0.3426819513516424
Passengers in presence of driver	0.9854922037381414
Drivers	0.3409420401661625
Drivers	0.40260456828047186
Passengers in absence of driver	-0.7420219207153679
Passengers in absence of driver	0.01453467841114585
Passengers in absence of driver	-0.8400050398146821
Passengers in absence of driver	0.5195250279396085
Drivers	-0.9616429605243312
Passengers in absence of driver	0.5402972986825328
Passengers in absence of driver	-0.5946229444380733
Passengers in absence of driver	1.3105836096606784
Passengers in absence of driver	0.07755105330013796
Passengers in absence of driver	-0.7388513619463917
Passengers in presence of driver	0.34639088555694614
Passengers in absence of driver	2.0050322989912357
Passengers in absence of driver	1.388949925121715
Passengers in absence of driver	-0.5122067058618913
Drivers	-0.8321165318210666
Passengers in absence of driver	0.8269257128975501
Passengers in absence of driver	1.4103955624084037
Passengers in absence of driver	-0.8804115569288102
Passengers in absence of driver	0.5704861276374824
Passengers in absence of driver	-0.8917851929709573
Passengers in absence of driver	-1.1121518912871973
Drivers	0.24806729304296493
Drivers	1.5313413915611658
Drivers	1.5781687998430873
Passengers in presence of driver	1.5677329774259736
Drivers	1.5768308738921752
Passengers in presence of driver	-0.8627433050008471
Passengers in presence of driver	-0.8507019714426386
Passengers in presence of driver	1.5816474073154587
Passengers in presence of driver	-0.5788354182173111
Passengers in presence of driver	-0.8967266241540129
Passengers in presence of driver	-0.7511602806947825
Passengers in presence of driver	-0.8271544747065865
Passengers in presence of driver	-0.34951491023098663
Passengers in presence of driver	-0.4905323054571162
Drivers	1.5380310213157262
Passengers in presence of driver	-0.5882008998736955
Drivers	0.4167967670267728
Drivers	0.5978703347695691
Drivers	0.30247072157045457
Drivers	1.6957152910247024
Drivers	-1.172198668980402
Passengers in absence of driver	-0.8991559745139163
Passengers in absence of driver	-0.5426132230014739
Passengers in absence of driver	-0.7113129812674283
Passengers in absence of driver	-0.566542266727141
Drivers	-0.42734515993429856
Drivers	0.7090103706331272
Passengers in absence of driver	-0.7225965530068492
Passengers in presence of driver	0.7007569612349683
Drivers	-0.8622081346204822
Drivers	0.3235847298029635
Drivers	0.7176732846827644
Drivers	-1.3001807741626945
Drivers	-1.853955032381485
Drivers	-1.308978848142327
Passengers in absence of driver	-1.3951364492342817
Passengers in absence of driver	1.284787524005022
Passengers in absence of driver	-0.7994516256569693
Drivers	-1.308978848142327
Drivers	0.5120828119723534
Drivers	0.7675687825050433
Drivers	0.3456124790725486
Passengers in absence of driver	1.8155940361630363
Drivers	0.773250887816674
Drivers	0.3495045114945363
Drivers	0.34172044665056
Drivers	0.3378284142285723
Drivers	0.3432772596193551
Passengers in absence of driver	0.7663054687925261
Drivers	-0.9723759351682687
Passengers in absence of driver	-0.7972563087205481
Passengers in absence of driver	1.3883478303175723
Passengers in absence of driver	-0.08919281904869418
Passengers in absence of driver	1.3326540609343693
Passengers in presence of driver	1.584323259217283
Passengers in presence of driver	-0.9250906543133482
Passengers in presence of driver	-0.8033393927803523
Passengers in presence of driver	-0.8180565782403848
Passengers in presence of driver	-0.6331552118243401
Passengers in presence of driver	0.7007569612349683
Drivers	-0.8903045795896353
Passengers in absence of driver	-1.0134083434077892
Passengers in absence of driver	0.5402972986825328
Passengers in presence of driver	-0.8632784753812118
Drivers	-0.7929035703632383
Drivers	0.9415659844256716
Passengers in absence of driver	-0.8764233829745324
Drivers	0.6887211113566883
Passengers in absence of driver	-1.104009496152272
Passengers in presence of driver	0.9836234487242651
Drivers	0.985258609361407
Drivers	0.8240915425202163
Passengers in presence of driver	-2.592873389880681
Drivers	-0.8868278137415891
Passengers in absence of driver	-0.7891280288646212
Drivers	0.7976859311625626
Drivers	0.649848231655318
Passengers in absence of driver	-0.6773067682044377
Passengers in absence of driver	1.4087873744576227
Passengers in absence of driver	0.1696003587228866
Passengers in absence of driver	-0.9309775284973614
Passengers in absence of driver	-0.6331552118243401
Drivers	0.5561259244183814
Drivers	0.483971503689539
Drivers	0.0
Passengers in absence of driver	0.0
Drivers	1.6612007800066984
Drivers	1.6916416319963459
Drivers	0.0
Passengers in absence of driver	0.7176732846827644
Passengers in absence of driver	-0.6778214696339407
Passengers in absence of driver	0.7118828500175505
Drivers	-0.3783363032999158
Drivers	-5.7418290333822215
Drivers	0.9810153090004133
Passengers in absence of driver	-1.3364583815791804
Passengers in absence of driver	0.7562831531942085
Drivers	-0.724886776564601
Drivers	0.4323920632290186
Drivers	0.514098228557337
Drivers	-1.2334405649737423
Drivers	-0.22641425201424542
Drivers	-1.3770854744988936
Passengers in absence of driver	-1.624232865353156
Drivers	0.2835477899087194
Drivers	-0.7071067811865475
Drivers	0.5110197960510049
Passengers in absence of driver	-1.024128414016257
Drivers	-7.266230306328084
Passengers in absence of driver	0.2384730907559043
Passengers in absence of driver	0.9669511253649254
Drivers	0.4812616151564694
Drivers	0.3072014544858888
Drivers	-1.0473650703000104
Drivers	-0.22641425201424542
Drivers	0.26298472502362397
Drivers	0.7071067811865475
Passengers in absence of driver	0.7563054217014874
Drivers	0.44123888708984776
Drivers	0.5500132744645356
Drivers	-0.22641425201424542
Drivers	0.44123888708984776
Drivers	0.30066024145169584
Passengers in absence of driver	0.8640078973082067
Passengers in absence of driver	-1.614223748614607
Drivers	0.34977805072479334
Passengers in presence of driver	-0.4844121219001781
Drivers	0.26298472502362397
Passengers in absence of driver	0.0
Drivers	0.44281579806165977
Passengers in absence of driver	-0.187363103992381
Drivers	0.4167967670267728
Drivers	0.31902828677447304
Drivers	0.5539179220112349
Drivers	0.8030169865290514
Drivers	-1.5196499063574915
Drivers	-0.3227551787217137
Drivers	0.3731208455468451
Passengers in absence of driver	0.1833547445890171
Drivers	0.31914571524326485
Drivers	0.9364170596894066
Drivers	0.31914571524326485
Drivers	-0.6595270065341555
Drivers	-1.8373572425915938
Drivers	-0.5467707359810541
Drivers	0.3584510610697554
Drivers	-0.3227551787217137
Passengers in presence of driver	-0.5923667703686248
Drivers	0.3550611195556682
Drivers	-0.3227551787217137
Passengers in absence of driver	0.0
Drivers	0.3515973840629889
Drivers	0.43966197611803665
Drivers	0.31914571524326485
Drivers	0.3550611195556682
Drivers	0.029059757335391248
Drivers	-1.1143837866019897
Drivers	0.39373924727671816
Drivers	-1.768710977271239
Drivers	0.4167967670267728
Drivers	0.3550611195556682
Drivers	0.31914571524326485
Drivers	0.6352802081469476
Drivers	0.8345909683421533
Drivers	0.887082713106435
Drivers	0.9920662026349987
Drivers	0.6984281717731515
Drivers	0.31914571524326485
Drivers	2.551783131768187
Drivers	0.3066658867449394
Drivers	0.4167967670267728
Drivers	0.3057959662472664
Drivers	0.23466354978256868
Passengers in absence of driver	0.5323252238342735
Drivers	0.3062309264961029
Drivers	-2.1353366959527427
Passengers in absence of driver	-0.6409532602323813
Drivers	-6.619379989195205
Drivers	0.4365081541744144
Drivers	0.39373924727671816
Passengers in presence of driver	-1.9383939843935196
Drivers	0.31914571524326485
Passengers in presence of driver	-1.9979898750657494
Passengers in absence of driver	-0.8020106401610737
Passengers in absence of driver	-0.7889078982990456
Drivers	0.861942570802418
Drivers	0.8601302798469233
Drivers	0.1518757237624763
Drivers	0.36929445239415953
Drivers	0.3332204855207749
Drivers	0.7071067811865478
Drivers	0.37264325981605717
Drivers	0.4167967670267728
Passengers in absence of driver	0.7600956379156841
Drivers	0.4207390444563015
Passengers in absence of driver	-1.0265242879965963
Drivers	0.23860582721209736
Drivers	0.6376202722262301
Passengers in absence of driver	-1.1548735715411067
Drivers	0.4207390444563015
Drivers	0.5142603832693532
Drivers	0.38920082502007564
Drivers	0.3332204855207749
Passengers in absence of driver	-0.9011732167212394
Drivers	0.861942570802418
Drivers	-1.1118722723179741
Passengers in absence of driver	0.7536563233863706
Passengers in absence of driver	-1.122786250654979
Drivers	0.861942570802418
Passengers in absence of driver	0.6008862867643661
Passengers in absence of driver	-1.08742429540412
Drivers	-1.7677461233806941
Passengers in presence of driver	-1.184833150502421
Drivers	0.4365081541744144
Passengers in absence of driver	1.7397106736546053
Passengers in absence of driver	0.7388536556430094
Passengers in absence of driver	-0.05601153082343401
Drivers	0.44281579806165977
Drivers	0.282759334422813
Passengers in absence of driver	0.6768039037688729
Passengers in absence of driver	0.5298159321338536
Passengers in absence of driver	0.6339324120419922
Passengers in absence of driver	1.313808216270692
Passengers in absence of driver	-0.8750870069524278
Drivers	0.861942570802418
Passengers in absence of driver	0.5988443663443399
Drivers	0.8365927161658766
Passengers in absence of driver	0.7749798406021094
Drivers	0.861942570802418
Passengers in absence of driver	-0.8368659791309184
Drivers	0.861942570802418
Drivers	0.02178056858804514
Drivers	0.8593334038156064
Passengers in absence of driver	1.2414826948000717
Passengers in absence of driver	-0.9844664006477503
Passengers in absence of driver	1.0671245814810781
Drivers	0.861942570802418
Passengers in absence of driver	-1.080883652855553
Drivers	-1.5007269746957563
Passengers in absence of driver	-0.8494212017080762
Drivers	0.40023920182275435
Passengers in absence of driver	1.0790247653531924
Drivers	0.861942570802418
Drivers	-1.0552496251590668
Drivers	0.4167967670267728
Drivers	0.3584510610697554
Drivers	0.17237556639602344
Passengers in absence of driver	1.5328771070477996
Drivers	-0.7071067811865475
Passengers in absence of driver	-0.5434628333614403
Passengers in absence of driver	1.371273690948575
Drivers	0.3332204855207749
Passengers in absence of driver	-1.0063967867134798
Passengers in absence of driver	-0.3594612962580124
Drivers	0.8590677784718341
Passengers in absence of driver	-0.903929241189396
Drivers	0.40023920182275435
Passengers in absence of driver	0.1916270940076659
Drivers	0.41600831154086726
Passengers in absence of driver	0.8746899008173828
Passengers in absence of driver	-0.7266536891698765
Drivers	0.0020691814404035524
Passengers in absence of driver	1.6861213089960048
Drivers	0.85136464350244
Drivers	0.5773502691895692
Drivers	-1.5708995129413588
Drivers	-3.2258675778573083
Drivers	0.8365927161658766
Drivers	-1.2889686801509204
Passengers in absence of driver	-0.40315647640727253
Drivers	0.4207390444563015
Drivers	0.8581161776497324
Drivers	-1.2889686801509204
Drivers	-1.2889686801509204
Drivers	-0.724886776564601
Passengers in absence of driver	-0.8955521966125687
Drivers	0.7098474014954755
Drivers	0.36929445239415953
Drivers	-1.2889686801509204
Drivers	0.6476645542520295
Drivers	-1.2889686801509204
Drivers	0.861942570802418
Passengers in absence of driver	1.4345064815139905
Drivers	0.5773502691895692
Drivers	0.861942570802418
Drivers	0.19021471987903954
Drivers	0.13847198050208004
Drivers	-1.2889686801509204
Passengers in absence of driver	-1.154700538379308
Drivers	-1.1309413518060083
Passengers in absence of driver	-3.4743158624175106
Drivers	0.4167967670267728
Drivers	-1.2889686801509204
Drivers	-1.2889686801509204
Drivers	0.4167967670267728
Drivers	0.2606825808174556
Drivers	0.40181611279456547
Drivers	-1.2889686801509204
Drivers	0.43177742125898017
Drivers	0.67244151030841
Drivers	0.8528322170954782
Drivers	0.41206603411133946
Drivers	0.02178056858804514
Drivers	0.43177742125898017
Drivers	0.861942570802418
Drivers	0.2655416223052272
Drivers	0.861942570802418
Drivers	0.6914575724411883
Drivers	0.861942570802418
Drivers	0.9073809894905581
Drivers	0.8672038613873605
Drivers	-1.2889686801509204
Drivers	0.2655416223052272
Drivers	0.861942570802418
Drivers	-0.11541068595953778
Drivers	0.861942570802418
Drivers	-1.4769402437765957
Drivers	0.7351932976197109
Drivers	-1.7677461233806941
Drivers	-1.2889686801509204
Drivers	-1.2889686801509204
Drivers	0.6465046569751541
Drivers	0.43571969868850885
Drivers	0.3600279720415665
Drivers	0.4167967670267728
Drivers	0.2655416223052272
Drivers	0.2655416223052272
Drivers	-1.1143837866019897
Drivers	-1.7677461233806941
Drivers	0.3072014544858888
Drivers	0.6376202722262301
Drivers	0.05095342156655343
Drivers	0.30536100599842986
Drivers	-0.23049267428929343
Drivers	-1.2889686801509204
Drivers	0.5796035486169336
Drivers	0.3332204855207749
Drivers	0.4365081541744144
Drivers	-1.2427513667244414
Drivers	0.30362116500308334
Drivers	0.4183736779985848
Drivers	0.34977805072479334
Passengers in absence of driver	0.674260130850001
Drivers	0.6449192134188408
Drivers	0.2677786801906065
Drivers	-1.1309413518060083
Drivers	0.8672038613873605
Passengers in absence of driver	1.4653141281792417
Drivers	0.02178056858804514
Drivers	-0.5222711451417476
Drivers	-1.2889686801509204
Drivers	0.5796035486169336
Passengers in absence of driver	-1.7659185407127982
Drivers	0.42546977737173486
Drivers	0.40260456828047186
Drivers	-1.2889686801509204
Drivers	0.6376202722262301
Passengers in absence of driver	0.5697790133650635
Drivers	0.3332204855207749
Drivers	0.4167967670267728
Drivers	-1.2889686801509204
Drivers	-1.525538485770066
Drivers	0.861942570802418
Drivers	0.4167967670267728
Drivers	0.3066658867449394
Drivers	0.1566064566779105
Drivers	-0.010546106334086258
Drivers	0.11797213786853378
Drivers	0.16878348786375014
Drivers	-1.2889686801509204
Drivers	0.44123888708984776
Drivers	0.4859994435510673
Drivers	-0.06731490131929346
Drivers	-0.32040911229500485
Drivers	0.42862359931535793
Drivers	0.3198167422603786
Passengers in absence of driver	0.6725566343692686
Drivers	0.9073809894905581
Drivers	0.4167967670267728
Passengers in absence of driver	0.7145762142273414
Drivers	0.3072014544858888
Drivers	0.34968418748664637
Drivers	0.3584510610697554
Drivers	-0.12329524081859425
Drivers	-2.7621300439348393
Drivers	-1.2889686801509204
Drivers	0.11797213786853378
Drivers	0.44281579806165977
Drivers	-1.2889686801509204
Drivers	0.44281579806165977
Drivers	-1.2889686801509204
Drivers	0.3324320300348693
Passengers in absence of driver	0.416496723599881
Passengers in absence of driver	-1.6762810964809738
Drivers	0.43177742125898017
Drivers	-1.2889686801509204
Passengers in absence of driver	-1.1816992849082526
Drivers	0.42546977737173486
Passengers in absence of driver	-1.0208892890284624
Passengers in absence of driver	0.2268083885775508
Drivers	0.6376202722262301
Drivers	0.02178056858804514
Drivers	0.3332204855207749
Drivers	0.43020051028716905
Drivers	-1.2889686801509204
Drivers	0.861942570802418
Passengers in absence of driver	-0.9274415740982894
Drivers	0.1014145726645153
Drivers	0.6376202722262301
Drivers	-1.2889686801509204
Drivers	0.43729660966031997
Drivers	0.43177742125898017
Drivers	0.40968309221998656
Drivers	0.41600831154086726
Passengers in absence of driver	0.5681876040136686
Drivers	-3.4355967371082095
Drivers	-0.21633298815545976
Drivers	0.33558585197849156
Drivers	0.4167967670267728
Drivers	-0.724886776564601
Drivers	0.4294120548012635
Drivers	0.4380850651462255
Drivers	0.05095342156655343
Passengers in absence of driver	1.1263670394512075
Drivers	0.3332204855207749
Drivers	-0.724886776564601
Drivers	0.4097006676536219
Passengers in absence of driver	-1.38460354456151
Drivers	0.41600831154086726
Drivers	0.41206603411133946
Drivers	0.1014145726645153
Drivers	0.3332204855207749
Drivers	0.02178056858804514
Drivers	0.3584510610697554
Drivers	0.05095342156655343
Passengers in absence of driver	0.707106781186542
Drivers	0.41600831154086726
Drivers	-1.6962639352003566
Drivers	-0.724886776564601
Drivers	0.10851067203766619
Passengers in absence of driver	-0.3430177428018475
Drivers	0.3584510610697554
Drivers	0.16685637799468364
Passengers in presence of driver	-0.8710894255470144
Drivers	-0.8192261195879132
Drivers	0.4380850651462255
Drivers	0.3072014544858888
Drivers	0.3584510610697554
Drivers	0.45789291920346137
Drivers	0.4207390444563015
Drivers	0.4167967670267728
Drivers	0.4167967670267728
Drivers	0.3584510610697554
Drivers	-0.08150710006559439
Drivers	0.03360740087662939
Drivers	0.30241622718175487
Drivers	0.35687415009794426
Drivers	0.3584510610697554
Drivers	0.5791799007221651
Drivers	0.41206603411133946
Drivers	-0.6034646317351319
Drivers	0.4380850651462255
Drivers	-2.0381708728659462
Drivers	0.4380850651462255
Drivers	0.44123888708984776
Drivers	0.44281579806165977
Drivers	0.4404504316039422
Drivers	0.4207390444563015
Drivers	0.43020051028716905
Passengers in absence of driver	-0.7071067811865529
Drivers	0.4167967670267728
Drivers	0.4380063655727782
Drivers	0.13847198050208004
Drivers	0.4380850651462255
Drivers	0.42783514382945237
Passengers in absence of driver	-0.36031698639834037
Drivers	0.14004889147389205
Drivers	0.10851067203766619
Drivers	0.4380850651462255
Drivers	-0.06731490131929346
Drivers	0.4167967670267728
Drivers	0.40891221216771634
Drivers	0.3584510610697554
Passengers in absence of driver	-0.7833492966493601
Drivers	0.4294120548012635
Drivers	1.1111356444127627
Drivers	0.02178056858804514
Drivers	0.3584510610697554
Drivers	0.282759334422813
Drivers	0.3584510610697554
Drivers	-0.724886776564601
Drivers	0.42862359931535793
Drivers	0.5373603139898653
Passengers in absence of driver	0.43017226868796304
Drivers	0.35923951655566094
Drivers	0.43414278771669773
Drivers	0.7071067811865476
Drivers	0.9177394698055963
Drivers	-0.7071067811865476
Drivers	-0.9128578768810828
Drivers	-0.06679783438102614
Drivers	0.13986396656741473
Drivers	0.5156706948580845
Drivers	0.9177394698055963
Drivers	0.9030946910321045
Drivers	0.13986396656741473
Drivers	-0.9128578768810828
Passengers in absence of driver	0.22533864986684868
Passengers in absence of driver	0.09357738681820843
Drivers	-0.9128578768810828
Drivers	-3.049869888771136
Drivers	-2.823993437830589
Drivers	0.13986396656741473
Drivers	0.7002774601014552
Passengers in absence of driver	0.0
Drivers	0.861942570802418
Drivers	0.5137710329141351
Drivers	0.29693816882722573
Passengers in absence of driver	0.04548393251721209
Passengers in absence of driver	1.5028317065816983
Drivers	-0.8021554141833545
Drivers	-0.010546106334086258
Passengers in absence of driver	-0.5440476630360959
Drivers	1.078162879047244
Drivers	0.42862359931535793
Drivers	0.013107558243083121
Passengers in absence of driver	0.0673616513032082
Passengers in presence of driver	0.4278108953188747
Passengers in absence of driver	-0.8733802564946237
Drivers	-2.52493065088719
Drivers	-0.5965304871368563
Drivers	0.5310733419599643
Drivers	0.03360740087662939
Drivers	0.43020051028716905
Drivers	0.5393564259151322
Drivers	0.8412838488769174
Drivers	0.37343171530196273
Drivers	-1.8014430998152422
Drivers	0.33916442702481875
Drivers	0.29693816882722573
Drivers	0.40260456828047186
Drivers	-0.0956800106477199
Passengers in absence of driver	-0.12716823384378298
Drivers	0.9521074511616722
Drivers	0.29693816882722573
Drivers	-2.4247784118694398
Drivers	0.4869767219876353
Drivers	0.4786138102439028
Passengers in absence of driver	-1.2330754444709666
Drivers	0.538804220318121
Drivers	0.44226813674293863
Drivers	0.538804220318121
Drivers	0.538804220318121
Passengers in absence of driver	-0.4270747932603034
Passengers in absence of driver	0.8701280792906914
Drivers	0.009165280813554454
Drivers	0.49573218375124917
Drivers	0.29693816882722573
Drivers	0.3600279720415665
Passengers in absence of driver	1.002852906592401
Drivers	0.47971822143792503
Drivers	-2.9018123731500878
Drivers	0.43177742125898017
Drivers	0.5404608371091544
Passengers in absence of driver	0.1954192319305718
Drivers	0.4786138102439028
Passengers in absence of driver	1.5299600778763334
Drivers	-1.1309413518060083
Drivers	0.43571969868850885
Drivers	0.3160524039833532
Drivers	0.514507174049629
Drivers	0.4973888005422825
Drivers	0.514507174049629
Drivers	-0.5965304871368563
Passengers in absence of driver	-1.0119391421392656
Passengers in absence of driver	-0.458965447080407
Passengers in absence of driver	1.4626747880829007
Passengers in absence of driver	-1.1181190039806332
Drivers	0.42546977737173486
Drivers	-1.433708258393776
Drivers	-2.3467397110725132
Passengers in absence of driver	-0.8158637808519765
Drivers	0.43020051028716905
Drivers	0.6127274803888375
Drivers	-0.724886776564601
Drivers	-0.5965304871368563
Drivers	-0.11541068595953778
Drivers	0.5393564259151322
Passengers in absence of driver	-1.2191415069057538
Drivers	0.47971822143792503
Drivers	0.43729660966031997
Drivers	-0.06731490131929346
Drivers	0.5571962836459758
Drivers	0.4579290321815096
Drivers	0.4380850651462255
Drivers	0.46922631509471263
Drivers	0.6101536344566489
Drivers	0.5332821643480093
Passengers in absence of driver	-0.03969331928959936
Drivers	0.29693816882722573
Drivers	0.5294167251689309
Drivers	-1.7412526897410239
Drivers	0.42546977737173486
Drivers	0.46792174096236605
Drivers	-0.5922232858094038
Drivers	0.4786138102439028
Drivers	0.3718548043301516
Passengers in absence of driver	-0.8538361610458004
Drivers	-0.4535092375109622
Drivers	0.43729660966031997
Drivers	0.838161976281085
Drivers	-0.7000697936654328
Drivers	-1.7910223626090513
Drivers	0.40260456828047186
Drivers	0.49076233337814856
Drivers	-2.764432390685559
Drivers	0.43729660966031997
Drivers	0.4786138102439028
Passengers in absence of driver	-1.7566794600822149
Drivers	0.4207390444563015
Drivers	-1.1794191404255192
Drivers	0.3426819513516424
Passengers in absence of driver	-0.8911741344405671
Passengers in absence of driver	-0.5852033953317732
Passengers in absence of driver	0.33254178035634224
Drivers	-0.5518018337789511
Drivers	-0.5965304871368563
Drivers	0.29693816882722573
Passengers in absence of driver	0.7754407177648156
Drivers	1.0950033494881373
Drivers	0.5183726132287073
Drivers	0.12979897015711803
Drivers	-0.29447402557174335
Drivers	0.7892197728817525
Drivers	0.5321777531539864
Drivers	0.8410000422772963
Drivers	0.8304991980913145
Drivers	0.43918970423660647
Drivers	-1.7412526897410239
Drivers	0.3731425412147682
Passengers in absence of driver	1.3081213143356138
Drivers	0.514507174049629
Passengers in absence of driver	-0.8415317988884872
Passengers in absence of driver	-0.5551323738876673
Drivers	-0.8668087640276173
Passengers in absence of driver	-0.8325331208997928
Drivers	0.4349312432026033
Drivers	-0.5965304871368563
Drivers	0.412854489597245
Drivers	0.3670682796476453
Passengers in absence of driver	1.499331271575939
Passengers in absence of driver	0.7602444781799875
Drivers	0.3355925606180081
Drivers	0.3072014544858888
Passengers in absence of driver	-0.7721329127686692
Drivers	0.3355925606180081
Passengers in absence of driver	1.5010814890788187
Drivers	0.5393564259151322
Drivers	-0.5615721730503217
Passengers in absence of driver	1.424861212404172
Passengers in absence of driver	-0.034734369698106976
Drivers	-0.5965304871368563
Drivers	0.013107558243083121
Drivers	0.3355925606180081
Passengers in absence of driver	1.314327021201235
Drivers	-3.9938232211294062
Drivers	0.3040476325422657
Drivers	0.04937651059474231
Drivers	-0.47100411010298315
Drivers	-5.963385024921708
Drivers	0.05095342156655343
Drivers	0.22914436138122976
Passengers in absence of driver	1.3352279275490544
Drivers	-1.1143837866019897
Drivers	-2.6707949157797337
Drivers	0.8296659232447122
Drivers	-0.5965304871368563
Passengers in absence of driver	1.2964915811177629
Drivers	0.29693816882722573
Passengers in absence of driver	1.1546647693544512
Passengers in absence of driver	-0.5072930954756224
Passengers in absence of driver	-0.22521637459484617
Passengers in absence of driver	-0.39469576945702917
Drivers	0.5277601083778976
Drivers	-0.5716812352713537
Drivers	0.2764516905355685
Drivers	-0.5965304871368563
Drivers	-4.386869705021566
Drivers	0.02178056858804514
Drivers	-0.5965304871368563
Drivers	0.40849104667109576
Drivers	0.4349312432026033
Passengers in absence of driver	0.8398648158788119
Passengers in absence of driver	-0.9655583783129538
Drivers	0.4786138102439028
Drivers	-0.724886776564601
Passengers in absence of driver	0.053421192485720616
Drivers	0.46922631509471263
Passengers in absence of driver	0.46816145946265647
Passengers in absence of driver	1.5395862741421718
Passengers in absence of driver	-0.3250589932319394
Drivers	0.3731425412147682
Drivers	-0.5965304871368563
Drivers	0.5277601083778976
Passengers in absence of driver	-0.7645529724773796
Drivers	0.5183726132287073
Drivers	0.4380850651462255
Drivers	0.514507174049629
Drivers	0.8236878397004075
Drivers	-0.8668087640276173
Drivers	0.47971822143792503
Drivers	-0.5965304871368563
Drivers	-4.395704994573745
Drivers	0.3731425412147682
Drivers	1.0286939971271198
Passengers in absence of driver	-1.2275075979106138
Drivers	0.07038137324914968
Drivers	0.41206603411133946
Drivers	-1.479402716225052
Drivers	-0.02868058250991673
Drivers	-0.5543278037205647
Drivers	0.4973888005422825
Drivers	-1.976954088182766
Drivers	0.5393564259151322
Drivers	0.5530917069708678
Drivers	0.5277601083778976
Drivers	-1.7412526897410239
Drivers	0.3584510610697554
Passengers in absence of driver	-0.7165545699925514
Drivers	0.49076233337814856
Drivers	0.5376998091240982
Passengers in absence of driver	0.420632222557729
Drivers	0.5410130427061656
Drivers	0.07066480871419502
Drivers	0.3694119007597632
Passengers in absence of driver	-0.7650179931349874
Passengers in absence of driver	1.4987478657416458
Passengers in absence of driver	-0.4046136686400141
Drivers	0.4973888005422825
Drivers	-0.724886776564601
Drivers	0.4349312432026033
Drivers	0.40654684570999966
Drivers	0.43177742125898017
Drivers	0.5399086315121433
Drivers	0.4207390444563015
Passengers in absence of driver	1.460826486512586
Drivers	0.4112775786254339
Drivers	0.4786138102439028
Passengers in absence of driver	1.5314185924620665
Drivers	-1.2728633392690245
Drivers	-1.3606671677984605
Passengers in absence of driver	-0.6246853458603383
Drivers	-1.7412526897410239
Passengers in absence of driver	0.7496974799519069
Passengers in presence of driver	0.0
Drivers	0.514507174049629
Passengers in absence of driver	1.4185295635263266
Passengers in absence of driver	-0.8442071107066486
Drivers	0.4097006676536219
Drivers	0.2977399886550204
Drivers	-1.1143837866019897
Drivers	0.4097006676536219
Passengers in absence of driver	0.9080037341531219
Drivers	0.43020051028716905
Drivers	0.4388735206321311
Passengers in absence of driver	-0.9553750312616527
Drivers	0.44281579806165977
Drivers	0.4207390444563015
Passengers in absence of driver	-0.7759272158905668
Drivers	0.2764516905355685
Drivers	0.44281579806165977
Drivers	0.4309889657730746
Passengers in absence of driver	0.8632531631837
Drivers	0.5424387425531786
Drivers	0.42862359931535793
Drivers	0.12979897015711803
Passengers in absence of driver	0.846810245789725
Drivers	0.35709991291550985
Drivers	0.3584510610697554
Passengers in absence of driver	-1.0493869880835
Passengers in absence of driver	-1.0935930008132961
Passengers in absence of driver	0.8493265842279192
Drivers	0.3066658867449394
Passengers in absence of driver	-0.8112919664170101
Drivers	-0.22641425201424542
Drivers	0.40260456828047186
Passengers in absence of driver	-0.6606764208899253
Passengers in absence of driver	-0.5386387689146793
Passengers in absence of driver	0.3152843665792325
Drivers	0.6376202722262301
Drivers	-3.5744844136236704
Drivers	0.4323920632290186
Drivers	0.14320271341751428
Drivers	0.8677961288007127
Passengers in absence of driver	-0.615215073586302
Drivers	0.3584510610697554
Drivers	0.4859994435510673
Drivers	0.3006308001803783
Passengers in absence of driver	1.1538538425009814
Drivers	0.23860582721209736
Drivers	0.3332204855207749
Drivers	0.2257968720125835
Passengers in absence of driver	-1.4809628399676924
Passengers in absence of driver	-1.5711404053886435
Passengers in absence of driver	-0.916563776092697
Passengers in presence of driver	-0.3343884809530978
Drivers	0.13986396656741473
Passengers in absence of driver	1.1392822826016573
Passengers in absence of driver	1.057329211913872
Passengers in absence of driver	-0.39242647932749203
Passengers in absence of driver	0.9483490647226684
Passengers in absence of driver	0.001724718238971566
Passengers in absence of driver	0.7635574291748822
Drivers	-0.3783363032999158
Drivers	0.13986396656741473
Drivers	-0.3783363032999158
Passengers in absence of driver	-0.34434989233499547
Drivers	0.5196688303947846
Passengers in absence of driver	-0.8822923384771763
Passengers in absence of driver	1.056048234752227
Passengers in absence of driver	-1.045698456362158
Passengers in absence of driver	-0.39184193559537606
Drivers	0.20010546320015837
Drivers	0.13986396656741473
Drivers	0.20094215065339083
Passengers in absence of driver	1.0227461785385301
Passengers in absence of driver	1.4542589275064137
Passengers in absence of driver	0.8831024264751662
Passengers in absence of driver	0.42616139618524806
Passengers in absence of driver	0.16191771403109462
Passengers in absence of driver	0.8087660702859034
Drivers	0.9336046827521728
Passengers in absence of driver	-1.0807420911650132
Passengers in absence of driver	0.4628182435036982
Passengers in absence of driver	1.617587789668891
Passengers in absence of driver	-0.8339436796469897
Passengers in absence of driver	0.15673003171151142
Passengers in absence of driver	-1.6545757229276545
Passengers in absence of driver	-1.346601732090755
Passengers in absence of driver	-0.5725359306774039
Drivers	0.13986396656741473
Drivers	0.4380850651462255
Drivers	0.13986396656741473
Passengers in presence of driver	-0.5897218291111167
Drivers	1.6612007800066984
Drivers	0.13986396656741473
Passengers in absence of driver	0.1681939717993859
Drivers	0.13986396656741473
Drivers	0.03360740087662939
Passengers in absence of driver	-0.8670243409518542
Passengers in absence of driver	0.19920794953394744
Drivers	0.13986396656741473
Drivers	0.13986396656741473
Drivers	-0.3783363032999158
Passengers in absence of driver	-0.8575246276670379
Passengers in absence of driver	-0.18463308707465548
Drivers	0.13986396656741473
Drivers	0.13986396656741473
Passengers in absence of driver	-0.3751103633064224
Passengers in absence of driver	-0.9104074376192675
Passengers in absence of driver	-7.564354102797927
Drivers	0.2703352975437294
Passengers in absence of driver	-0.5613892410328071
Passengers in absence of driver	1.0750566491903077
Passengers in absence of driver	0.8900315971720653
Passengers in absence of driver	1.012640420000708
Drivers	0.42546977737173486
Passengers in absence of driver	-0.22086549976659633
Passengers in absence of driver	-1.496574772245968
Passengers in absence of driver	-1.0207221827067632
Passengers in absence of driver	1.056048234752227
Passengers in presence of driver	-0.709041066808037
Drivers	0.8703826975229466
Passengers in absence of driver	1.1448039433926782
Passengers in absence of driver	-1.3774325832005403
Passengers in absence of driver	-0.6095680179510332
Passengers in absence of driver	-0.3034538637724148
Drivers	-2.0830240147203574
Passengers in absence of driver	0.6771243982882847
Drivers	0.20094215065339083
Passengers in absence of driver	-0.925243217965679
Drivers	0.9400660036390321
Drivers	0.13986396656741473
Passengers in absence of driver	1.5010917497808358
Drivers	1.2013310776233574
Passengers in absence of driver	-0.13940173825061364
Drivers	0.13986396656741473
Passengers in absence of driver	2.509632196991605
Passengers in absence of driver	-0.6464060288312601
Passengers in absence of driver	0.8746068429106789
Drivers	0.13986396656741473
Drivers	-0.3783363032999158
Passengers in absence of driver	0.5605334276657594
Passengers in absence of driver	-1.6995549771289402
Drivers	0.13986396656741473
Drivers	-0.6252592129514376
Passengers in absence of driver	-0.5177875076694408
Passengers in absence of driver	-1.1067319020994109
Passengers in absence of driver	-1.4054757203448793
Drivers	0.13986396656741473
Drivers	-0.015975407848015863
Drivers	0.3332204855207749
Passengers in absence of driver	1.4545202166075326
Passengers in absence of driver	-1.0002908884041553
Passengers in absence of driver	-1.0107424524489095
Passengers in absence of driver	0.9164681360522412
Drivers	0.5196688303947846
Passengers in absence of driver	-1.134479508395617
Passengers in absence of driver	0.8087660702859034
Passengers in absence of driver	0.8746068429106789
Drivers	0.13986396656741473
Drivers	-0.3783363032999158
Passengers in absence of driver	-0.9543040066072358
Passengers in absence of driver	0.19508533848076268
Drivers	0.9336046827521728
Passengers in absence of driver	-1.134479508395617
Passengers in absence of driver	1.94524918351692
Passengers in absence of driver	0.8652010182499967
Passengers in absence of driver	0.4079902749559115
Passengers in presence of driver	0.15492434072560088
Drivers	-2.6707949157797337
Passengers in absence of driver	-0.939974522199137
Drivers	-0.3424858659003631
Passengers in absence of driver	1.4479879890795613
Drivers	0.13986396656741473
Drivers	0.6405861516860304
Drivers	-1.7633950688290259
Drivers	0.5196688303947846
Passengers in absence of driver	0.04192485381769657
Drivers	0.395508468907321
Drivers	0.5196688303947846
Passengers in absence of driver	-0.16050771740813968
Passengers in absence of driver	-0.8542302808787126
Drivers	0.4365081541744144
Passengers in absence of driver	1.0871477404344159
Passengers in absence of driver	-0.5239608570644738
Passengers in absence of driver	2.6385078908620936
Passengers in absence of driver	-0.4756546710527652
Passengers in absence of driver	-0.22729524464085946
Passengers in absence of driver	-1.4940301059917476
Drivers	0.19173858866783283
Drivers	0.5196688303947846
Drivers	0.13986396656741473
Drivers	-0.3783363032999158
Drivers	0.44123888708984776
Passengers in absence of driver	1.3427638342130939
Drivers	0.5196688303947846
Passengers in absence of driver	-0.6665846227527453
Passengers in absence of driver	-0.680613752623552
Passengers in absence of driver	1.4445912307650162
Passengers in absence of driver	0.8816703089483673
Drivers	0.5196688303947846
Passengers in absence of driver	-1.4149217538343146
Passengers in absence of driver	-0.022010165867809343
Passengers in absence of driver	-0.5300029586417404
Passengers in absence of driver	0.8521693596868938
Drivers	-6.814916949699806
Passengers in absence of driver	0.4938631718051864
Passengers in absence of driver	-0.6430937105804638
Passengers in absence of driver	0.3768085241110504
Passengers in absence of driver	-1.2732587304109222
Passengers in presence of driver	0.4124615624091075
Passengers in absence of driver	0.49283022747032645
Passengers in absence of driver	-0.9270615614780195
Passengers in absence of driver	1.0126600758335962
Drivers	0.13986396656741473
Drivers	-0.3783363032999158
Passengers in absence of driver	-0.7757025071471686
Passengers in absence of driver	-1.1197033522124202
Passengers in absence of driver	0.8110435841368535
Passengers in absence of driver	-6.855916634966899
Passengers in absence of driver	0.5512437940396342
Drivers	-0.3783363032999158
Drivers	0.6125051273747668
Drivers	0.13986396656741473
Drivers	0.13986396656741473
Passengers in absence of driver	1.5439453189248276
Drivers	0.13986396656741473
Passengers in absence of driver	0.4987246847147437
Drivers	0.9336046827521728
Drivers	0.13986396656741473
Passengers in absence of driver	0.13455629670927366
Drivers	0.20010546320015837
Drivers	0.19592202593399516
Passengers in absence of driver	-0.6480731800959322
Passengers in absence of driver	0.1900300210512773
Passengers in absence of driver	0.5406850308828407
Passengers in absence of driver	-1.655559990812846
Passengers in absence of driver	0.026565554955618225
Passengers in absence of driver	-1.3002904383782983
Drivers	0.13986396656741473
Passengers in presence of driver	-1.185448959352948
Drivers	0.13986396656741473
Passengers in absence of driver	-0.8439507839320445
Passengers in absence of driver	-0.853446413575356
Drivers	-2.0830240147203574
Passengers in absence of driver	-0.7534821379613952
Passengers in absence of driver	-0.7768928840678352
Passengers in absence of driver	0.8997591453140305
Passengers in absence of driver	1.0073802767253641
Drivers	0.19341196357429777
Drivers	0.14990421600620518
Drivers	-0.3783363032999158
Passengers in absence of driver	-0.9234939434334465
Drivers	0.395508468907321
Drivers	0.5142603832693532
Passengers in absence of driver	0.4085521289460731
Drivers	0.13986396656741473
Drivers	0.2828016562690594
Passengers in absence of driver	0.4712148072233599
Passengers in absence of driver	-1.4674434975992008
Drivers	0.13986396656741473
Passengers in absence of driver	0.9483490647226684
Passengers in absence of driver	-0.4626333770118958
Passengers in absence of driver	-1.1555342153030284
Passengers in absence of driver	-1.198069355921281
Drivers	1.676421206001522
Drivers	0.13986396656741473
Passengers in absence of driver	1.5439453189248276
Drivers	0.0998376616927033
Passengers in absence of driver	-0.9665845943598224
Passengers in absence of driver	0.4770683745273323
Passengers in absence of driver	-1.5854676821377665
Drivers	-0.3783363032999158
Passengers in absence of driver	-0.5613892410328071
Passengers in absence of driver	1.1392822826016573
Passengers in absence of driver	0.9908142895249145
Drivers	-0.3783363032999158
Passengers in absence of driver	-0.8524012571708806
Passengers in absence of driver	-0.8147756266097647
Drivers	0.9336046827521728
Drivers	0.13986396656741473
Passengers in absence of driver	1.4477266999784424
Passengers in absence of driver	0.6984543386445022
Passengers in absence of driver	0.14626176147868739
Passengers in absence of driver	1.0645438183167144
Passengers in absence of driver	-0.9851361205392614
Passengers in absence of driver	-1.4674434975992008
Drivers	0.42862359931535793
Drivers	0.13986396656741473
Drivers	-0.02868058250991673
Passengers in absence of driver	-0.6806923884108597
Drivers	0.33558585197849156
Passengers in absence of driver	-0.7375970075349159
Drivers	-1.4237164259065505
Passengers in absence of driver	-5.194306470385386
Passengers in absence of driver	0.9485842922140849
Passengers in absence of driver	-0.06248357503801148
Passengers in absence of driver	-0.9874360970989501
Passengers in absence of driver	-0.5219584508542817
Drivers	-2.803037673540957
Drivers	0.20939134430296277
Drivers	0.44123888708984776
Drivers	0.49212441385201183
Drivers	0.40891221216771634
Passengers in absence of driver	-1.076697189745814
Passengers in absence of driver	-1.08136443642016
Drivers	0.3586521176542447
Drivers	0.7892197728817525
Drivers	0.11818136913264761
Drivers	-1.853955032381485
Passengers in absence of driver	1.321650128867741
Drivers	-0.9705595894311575
Drivers	0.42862359931535793
Drivers	0.37264325981605717
Drivers	0.3954213452569354
Drivers	0.7169582195537011
Drivers	0.40023920182275435
Drivers	0.11818136913264761
Passengers in absence of driver	-0.6279807412222602
Drivers	0.4167967670267728
Drivers	-2.4170568740728746
Passengers in absence of driver	-0.6426006883811173
Drivers	0.41995058897039594
Passengers in absence of driver	2.0058046302353736
Drivers	0.2640670084220808
Drivers	0.23466354978256868
Drivers	0.6520705539237163
Passengers in absence of driver	0.7892686751810778
Passengers in absence of driver	-0.8184123161841492
Drivers	0.3072014544858888
Drivers	-0.3144762196966425
Drivers	0.3332204855207749
Passengers in absence of driver	-0.9225516079141683
Passengers in absence of driver	1.6002843444776256
Drivers	-1.428763307438222
Passengers in absence of driver	-0.8138179356666486
Passengers in presence of driver	-0.8138852802479797
Drivers	0.40891221216771634
Passengers in absence of driver	-0.9017237495681645
Passengers in absence of driver	1.3100160783477863
Passengers in absence of driver	-0.9244282669952811
Passengers in absence of driver	1.4806622848785558
Passengers in absence of driver	-0.24271854962364306
Passengers in absence of driver	1.3870256484744925
Passengers in absence of driver	-0.6010259216371809
Drivers	0.4183736779985848
Drivers	0.3954213452569354
Passengers in absence of driver	-0.6744388670006325
Passengers in absence of driver	-0.6785959024431312
Passengers in absence of driver	-1.1140351631405807
Drivers	0.4294120548012635
Passengers in absence of driver	0.9449109264326722
Drivers	0.34405566610375266
Drivers	0.41443140056905614
Drivers	0.49212441385201183
Passengers in absence of driver	-1.1391216140151896
Drivers	0.9491659129534569
Drivers	0.30435693539947356
Drivers	-0.724886776564601
Passengers in absence of driver	-0.642351546114505
Drivers	0.8603959051906954
Drivers	0.8155052220931917
Drivers	0.4167967670267728
Passengers in absence of driver	1.706352924199811
Passengers in absence of driver	-0.7001597581111947
Passengers in absence of driver	-0.6570320467750679
Passengers in absence of driver	-0.08708736154833627
Drivers	0.40023920182275435
Passengers in absence of driver	1.014812726195412
Passengers in absence of driver	-0.10649328731617402
Passengers in absence of driver	-0.583954535899964
Passengers in absence of driver	0.18867589325203438
Passengers in absence of driver	-1.156915491961133
Passengers in absence of driver	-1.2683235041903507
Passengers in absence of driver	1.7650082419419986
Drivers	0.5055204459110209
Passengers in absence of driver	-0.6896074186922565
Passengers in absence of driver	0.9238014160456683
Drivers	0.03360740087662939
Drivers	-1.4812800315843968
Drivers	0.2603622105634656
Drivers	0.4167967670267728
Drivers	0.3012921225940474
Passengers in absence of driver	0.914433935035053
Passengers in absence of driver	-1.045143713215169
Drivers	0.3487261050101388
Drivers	0.715681317676371
Drivers	0.6331063364508324
Passengers in absence of driver	0.8266480275586576
Drivers	0.3152546261810409
Drivers	0.3687009823865285
Drivers	-1.4812800315843968
Passengers in absence of driver	-0.5828441510165956
Drivers	-1.4812800315843968
Drivers	-0.06731490131929346
Drivers	-1.4812800315843968
Drivers	0.8645650634511257
Drivers	0.4112775786254339
Passengers in absence of driver	1.2771260074520643
Passengers in absence of driver	-0.6989617661296357
Passengers in absence of driver	-0.7067487140097696
Drivers	0.43020051028716905
Passengers in absence of driver	-0.2808625645655173
Passengers in absence of driver	-1.0014615647658112
Drivers	0.3560856946120387
Drivers	0.3954213452569354
Passengers in presence of driver	-1.111017327454308
Drivers	0.42152749994220706
Passengers in absence of driver	-1.2126307491361363
Passengers in absence of driver	-1.1067425902119155
Passengers in absence of driver	0.17091618689025628
Passengers in absence of driver	-1.1047006697918889
Passengers in absence of driver	1.517416852439029
Passengers in absence of driver	-1.6014197808901596
Drivers	1.097810622411835
Drivers	0.2686140047120642
Passengers in absence of driver	0.7071067811865475
Drivers	0.577350269189625
Drivers	1.302606097384707
Drivers	1.1411379173798144
Passengers in absence of driver	0.7071067811865476
Drivers	0.577350269189625
Drivers	0.20010546320015837
Drivers	0.27322257832232055
Passengers in absence of driver	-0.5174689958927229
Drivers	0.44123888708984776
Drivers	0.274758769525739
Passengers in absence of driver	-0.7071067811865474
Drivers	-0.724886776564601
Drivers	-1.219795987925055
Drivers	-0.724886776564601
Passengers in absence of driver	-0.6359541021299328
Passengers in absence of driver	-0.7071067811865476
Drivers	0.44281579806165977
Passengers in absence of driver	-0.41446978499958587
Passengers in absence of driver	1.8947293067724214
Drivers	0.2655416223052272
Drivers	-1.09950219382141
Drivers	0.24787542346591196
Drivers	0.18169833922904238
Drivers	0.2655416223052272
Drivers	-1.1547005383792524
Drivers	0.2755268651274483
Drivers	0.27399067392402976
Drivers	0.20010546320015837
Drivers	0.0
Drivers	0.2670778135086457
Drivers	0.40181611279456547
Drivers	0.19759540084046098
Drivers	0.33558585197849156
Drivers	-0.7071067811865476
Drivers	0.5149474873565477
Drivers	0.5949650231860198
Drivers	-1.154700538379253
Drivers	0.6051978368526084
Drivers	1.2894195293509738
Drivers	-2.0614068659419504
Drivers	0.6256634641857857
Passengers in absence of driver	1.0833510755798075
Drivers	0.5773502691896243
Passengers in absence of driver	-0.17294395422666878
Drivers	0.5773502691896243
Passengers in absence of driver	1.446618889604602
Drivers	-1.2367086231335438
Passengers in absence of driver	0.08479312022054897
Drivers	-1.6664867971303103
Drivers	0.5642665821862427
Passengers in absence of driver	0.5006425032669156
Drivers	0.5131025138532997
Passengers in absence of driver	0.02709732402879909
Drivers	-1.003966853985182
Passengers in absence of driver	-0.5139109276703334
Passengers in absence of driver	0.7071067811865476
Passengers in presence of driver	-1.0182342571851186
Drivers	1.0999342332489368
Drivers	-0.724886776564601
Passengers in presence of driver	-0.7071067811865478
Passengers in presence of driver	0.7071067811865474
Drivers	0.4207390444563015
Drivers	0.3485324083181035
Passengers in absence of driver	-0.6054058847180388
Drivers	0.0
Passengers in absence of driver	-0.9392621910265148
Drivers	0.013107558243083121
Passengers in absence of driver	0.021517128215129362
Drivers	-2.040336876724527
Drivers	0.1014145726645153
Passengers in absence of driver	0.0
Drivers	0.0998376616927033
Drivers	0.4167967670267728
Drivers	0.42295111710160627
Passengers in absence of driver	0.7085962966206528
Passengers in absence of driver	-0.8142603483298255
Drivers	0.42295111710160627
Passengers in absence of driver	0.021517128215129362
Passengers in absence of driver	-0.34429513279775703
Passengers in absence of driver	-0.5488326036175278
Passengers in absence of driver	-1.499183470871061
Passengers in absence of driver	0.21123269225554483
Passengers in absence of driver	-0.8623893161855194
Passengers in absence of driver	-0.13730911417653802
Drivers	0.42295111710160627
Passengers in presence of driver	0.9593296335438736
Drivers	1.1542384883355667
Drivers	0.42295111710160627
Passengers in absence of driver	-0.19532737065493175
Drivers	0.3702778933583396
Passengers in absence of driver	-1.2458839141035543
Passengers in absence of driver	-0.9258332168390976
Drivers	-0.5694613740226777
Passengers in absence of driver	-0.6739209416363965
Drivers	0.07697245260144035
Passengers in absence of driver	-0.12535551431695402
Passengers in absence of driver	-0.10553770402343297
Passengers in absence of driver	0.2664490404280581
Passengers in absence of driver	-0.513221402100221
Drivers	-1.1546713102488146
Drivers	0.44281579806165977
Drivers	1.2028496576732917
Passengers in absence of driver	0.4538083204810259
Drivers	-0.22641425201424542
Passengers in absence of driver	-0.9339392853982125
Drivers	0.4323920632290186
Drivers	0.6364306987775871
Drivers	-0.22641425201424542
Drivers	0.02178056858804514
Drivers	0.4323920632290186
Passengers in absence of driver	-0.9816556193436553
Drivers	-2.070780291005538
Drivers	0.4323920632290186
Drivers	-0.11541068595953778
Drivers	0.4323920632290186
Passengers in absence of driver	-0.6409283134903647
Drivers	-0.22641425201424542
Drivers	0.4380850651462255
Drivers	0.4323920632290186
Drivers	0.15620388129939622
Drivers	0.35709991291550985
Drivers	0.3258451552963301
Drivers	-2.7890632386655807
Drivers	0.3258451552963301
Drivers	0.4167967670267728
Drivers	0.3258451552963301
Drivers	-0.22641425201424542
Drivers	0.1014145726645153
Drivers	-0.22641425201424542
Drivers	0.3006308001803783
Drivers	0.3006308001803783
Drivers	0.4388735206321311
Drivers	0.4323920632290186
Drivers	0.43729660966031997
Drivers	0.3006308001803783
Drivers	0.4323920632290186
Drivers	0.4349312432026033
Drivers	-2.6665425732404135
Drivers	-0.6442798876046474
Drivers	0.4323920632290186
Drivers	0.10851067203766619
Drivers	0.4323920632290186
Passengers in absence of driver	0.6805211831453918
Passengers in absence of driver	-0.6251648042258079
Drivers	0.3006308001803783
Drivers	0.21786840865019402
Drivers	0.4323920632290186
Drivers	0.4323920632290186
Drivers	-0.724886776564601
Drivers	-0.22641425201424542
Passengers in absence of driver	0.8482898706763954
Drivers	-0.22641425201424542
Drivers	0.2677786801906065
Drivers	0.4323920632290186
Drivers	0.4323920632290186
Drivers	-2.7890632386655807
Drivers	0.4323920632290186
Drivers	0.20868433010858548
Drivers	0.4323920632290186
Drivers	-2.6707949157797337
Drivers	-0.22641425201424542
Drivers	0.4323920632290186
Drivers	0.05342065572298795
Drivers	-0.22641425201424542
Drivers	0.3006308001803783
Drivers	0.3584510610697554
Drivers	-0.22641425201424542
Drivers	0.44360425354756533
Passengers in absence of driver	0.42003047813346517
Drivers	0.3006308001803783
Drivers	0.2191804198704236
Drivers	0.4323920632290186
Drivers	0.4323920632290186
Drivers	0.4167967670267728
Passengers in absence of driver	-1.007433271215722
Passengers in absence of driver	-0.1479151015509934
Drivers	0.3006308001803783
Drivers	0.4323920632290186
Drivers	0.4365081541744144
Drivers	0.4323920632290186
Drivers	0.3006308001803783
Drivers	0.7432520921458579
Drivers	0.4323920632290186
Drivers	0.4207390444563015
Drivers	0.3006308001803783
Drivers	0.40260456828047186
Drivers	0.3006308001803783
Drivers	-0.06731490131929346
Drivers	0.4323920632290186
Drivers	0.02178056858804514
Drivers	-0.22641425201424542
Drivers	-0.1027953981850471
Drivers	0.43571969868850885
Drivers	0.4323920632290186
Drivers	-0.22641425201424542
Drivers	0.3332204855207749
Drivers	-1.78748016960879
Drivers	-0.22641425201424542
Drivers	0.013107558243083121
Drivers	0.3006308001803783
Drivers	0.4323920632290186
Drivers	0.4167967670267728
Drivers	-0.22641425201424542
Drivers	-0.22641425201424542
Drivers	0.3332204855207749
Drivers	0.3870446001713952
Drivers	0.3006308001803783
Drivers	-0.22641425201424542
Drivers	0.3584510610697554
Drivers	0.21852441426030883
Passengers in absence of driver	-0.2945416087858789
Drivers	-0.22641425201424542
Drivers	0.4404504316039422
Drivers	-0.22641425201424542
Drivers	0.21852441426030883
Drivers	0.3006308001803783
Drivers	-0.22641425201424542
Drivers	0.4207390444563015
Drivers	-0.22641425201424542
Drivers	0.20278027961755235
Drivers	0.3332204855207749
Drivers	0.3584510610697554
Drivers	0.3006308001803783
Drivers	0.41206603411133946
Drivers	0.15620388129939622
Drivers	-0.13591052859308406
Drivers	0.4390667238503412
Drivers	0.3006308001803783
Drivers	0.4349312432026033
Drivers	0.3006308001803783
Drivers	-0.22641425201424542
Drivers	0.3006308001803783
Drivers	0.4323920632290186
Drivers	0.4112775786254339
Drivers	0.49108884752929877
Drivers	0.3006308001803783
Drivers	-5.910971600684781
Drivers	0.3006308001803783
Drivers	0.40023920182275435
Drivers	0.21786840865019402
Drivers	-0.22641425201424542
Drivers	0.02178056858804514
Drivers	0.47027999805772036
Drivers	-0.22641425201424542
Drivers	0.4323920632290186
Drivers	0.4323920632290186
Passengers in absence of driver	-0.9930406989931264
Drivers	0.3006308001803783
Drivers	0.43966197611803665
Drivers	0.4323920632290186
Drivers	0.4323920632290186
Drivers	0.05342065572298795
Drivers	0.4323920632290186
Drivers	0.3006308001803783
Drivers	-0.22641425201424542
Drivers	-0.22641425201424542
Drivers	0.3006308001803783
Drivers	0.21852441426030883
Drivers	0.3006308001803783
Passengers in absence of driver	1.6659104628961894
Drivers	-0.22641425201424542
Drivers	0.4365081541744144
Drivers	0.2603622105634656
Drivers	0.34577226558625074
Drivers	0.7507056537597785
Drivers	0.02178056858804514
Drivers	0.3006308001803783
Drivers	0.02178056858804514
Drivers	0.4323920632290186
Drivers	0.40260456828047186
Drivers	0.3006308001803783
Drivers	0.4207390444563015
Drivers	0.3006308001803783
Drivers	0.2874900673382472
Drivers	0.4323920632290186
Drivers	0.34577226558625074
Drivers	-0.22641425201424542
Drivers	0.40260456828047186
Passengers in absence of driver	0.5786017309186016
Drivers	0.3006308001803783
Drivers	0.02178056858804514
Drivers	0.4323920632290186
Drivers	-0.22641425201424542
Drivers	-0.22641425201424542
Drivers	0.3006308001803783
Drivers	-0.22641425201424542
Drivers	-2.581699445872396
Passengers in absence of driver	1.0874515495242079
Drivers	0.3006308001803783
Passengers in absence of driver	1.7161313532048212
Passengers in absence of driver	1.2599298170775675
Drivers	0.4323920632290186
Drivers	0.4323920632290186
Drivers	0.4270466883435468
Drivers	0.4323920632290186
Drivers	0.4323920632290186
Drivers	-0.22641425201424542
Drivers	0.2937977112254926
Drivers	-2.4577195368493165
Drivers	-7.266230306328084
Drivers	0.7605374503529898
Drivers	0.4323920632290186
Drivers	-3.4355967371082095
Drivers	-0.22641425201424542
Drivers	0.3006308001803783
Drivers	0.3006308001803783
Drivers	0.3584510610697554
Passengers in presence of driver	0.21524438620973413
Drivers	-0.22641425201424542
Drivers	-0.22641425201424542
Drivers	0.02178056858804514
Drivers	0.3006308001803783
Drivers	0.4323920632290186
Drivers	0.4323920632290186
Drivers	0.3529318726684156
Passengers in absence of driver	0.6632620620052673
Drivers	0.3006308001803783
Drivers	0.02178056858804514
Drivers	0.4323920632290186
Drivers	0.40260456828047186
Drivers	0.2191804198704236
Drivers	-1.7887263710197185
Drivers	-1.0134614844060679
Drivers	0.3006308001803783
Drivers	0.10851067203766619
Drivers	-0.22641425201424542
Drivers	0.4323920632290186
Drivers	-1.1143837866019897
Drivers	0.4323920632290186
Drivers	0.19884424595686284
Drivers	0.3006308001803783
Drivers	0.4323920632290186
Drivers	0.4167967670267728
Drivers	-0.22641425201424542
Drivers	0.4323920632290186
Drivers	0.4167967670267728
Drivers	-0.22641425201424542
Drivers	0.23466354978256868
Drivers	0.34577226558625074
Drivers	0.4323920632290186
Drivers	0.4349312432026033
Drivers	0.4323920632290186
Drivers	0.34977805072479334
Drivers	0.3006308001803783
Drivers	-0.22641425201424542
Drivers	0.5462573706643666
Drivers	-0.22641425201424542
Drivers	-0.9842886314275586
Drivers	-0.724886776564601
Drivers	0.4323920632290186
Drivers	0.02178056858804514
Passengers in absence of driver	0.6221805997160691
Drivers	0.4323920632290186
Drivers	0.40891221216771634
Drivers	0.3006308001803783
Drivers	-0.22641425201424542
Drivers	0.6364306987775871
Drivers	0.3006308001803783
Drivers	0.3332204855207749
Drivers	0.3006308001803783
Drivers	0.3006308001803783
Drivers	0.3584510610697554
Drivers	0.4323920632290186
Drivers	0.3450473178093591
Drivers	0.3006308001803783
Drivers	0.2106523469389306
Drivers	-0.22641425201424542
Drivers	-0.22185217655679956
Drivers	-0.22641425201424542
Drivers	0.4323920632290186
Drivers	-0.22641425201424542
Drivers	0.4323920632290186
Drivers	0.20999634132881578
Drivers	0.4323920632290186
Drivers	0.40260456828047186
Drivers	-0.22641425201424542
Drivers	-0.22641425201424542
Drivers	0.3006308001803783
Drivers	0.4323920632290186
Passengers in absence of driver	0.7204844827944781
Drivers	0.4323920632290186
Drivers	0.40260456828047186
Drivers	0.4323920632290186
Drivers	0.4323920632290186
Drivers	0.3584510610697554
Drivers	0.4323920632290186
Drivers	0.4323920632290186
Drivers	0.3332204855207749
Drivers	0.4323920632290186
Drivers	-0.22641425201424542
Drivers	0.4323920632290186
Drivers	0.37343171530196273
Drivers	-0.22641425201424542
Drivers	0.44360425354756533
Drivers	0.3258451552963301
Drivers	-0.22641425201424542
Drivers	0.4349312432026033
Drivers	0.3006308001803783
Drivers	0.3006308001803783
Drivers	0.23466354978256868
Drivers	-0.22641425201424542
Drivers	0.3006308001803783
Drivers	-0.724886776564601
Drivers	0.3006308001803783
Passengers in absence of driver	-0.8604452995807028
Drivers	-0.22641425201424542
Drivers	0.4207390444563015
Drivers	0.2191804198704236
Drivers	0.3006308001803783
Passengers in absence of driver	-0.4216249592619892
Drivers	0.4323920632290186
Drivers	0.3258451552963301
Drivers	0.4323920632290186
Drivers	0.4270466883435468
Drivers	-0.22641425201424542
Drivers	0.3006308001803783
Drivers	-0.22641425201424542
Drivers	0.20278027961755235
Drivers	0.3006308001803783
Drivers	-0.22641425201424542
Drivers	0.41600831154086726
Drivers	-0.22641425201424542
Drivers	0.4323920632290186
Drivers	0.17237556639602344
Passengers in absence of driver	-1.128912011915058
Drivers	0.3006308001803783
Drivers	0.14320271341751428
Drivers	-1.7887263710197185
Drivers	0.21655639742996444
Drivers	0.21852441426030883
Drivers	0.2191804198704236
Passengers in absence of driver	-1.2999358423717302
Drivers	0.3006308001803783
Drivers	-5.910971600684781
Drivers	0.3584510610697554
Drivers	0.4323920632290186
Drivers	-0.22641425201424542
Drivers	-1.1143837866019897
Drivers	0.4323920632290186
Drivers	-0.22641425201424542
Drivers	0.3332204855207749
Drivers	0.2191804198704236
Drivers	0.4323920632290186
Drivers	0.4323920632290186
Drivers	-6.228306068186005
Drivers	-0.22641425201424542
Drivers	0.3006308001803783
Drivers	0.02178056858804514
Drivers	0.3006308001803783
Drivers	0.4323920632290186
Drivers	0.4323920632290186
Drivers	0.43414278771669773
Drivers	0.4323920632290186
Drivers	0.44281579806165977
Drivers	0.26298472502362397
Drivers	0.4323920632290186
Drivers	-0.724886776564601
Drivers	-0.22641425201424542
Drivers	0.4323920632290186
Drivers	-0.724886776564601
Drivers	0.4323920632290186
Drivers	0.3006308001803783
Drivers	0.2603622105634656
Drivers	-0.22641425201424542
Drivers	0.3332204855207749
Drivers	0.4323920632290186
Drivers	0.3529318726684156
Passengers in absence of driver	0.799293880131389
Drivers	0.3006308001803783
Drivers	-0.8021554141833545
Drivers	-0.22641425201424542
Drivers	0.3006308001803783
Drivers	-0.8668087640276173
Drivers	0.4323920632290186
Drivers	-1.9193968377116541
Drivers	0.4323920632290186
Drivers	0.3006308001803783
Drivers	0.23466354978256868
Passengers in absence of driver	1.400012449777684
Drivers	-3.9165545835106537
Drivers	-1.2428582812467177
Passengers in absence of driver	-4.632472164712979
Drivers	0.34968418748664637
Drivers	0.7351932976197109
Drivers	0.26298472502362397
Drivers	0.3584510610697554
Drivers	0.26298472502362397
Passengers in presence of driver	-0.9593981587313898
Passengers in absence of driver	-0.5139109276703334
Drivers	0.6582685141695865
Drivers	-3.049869888771136
Passengers in presence of driver	0.21786840865019402
Passengers in absence of driver	-0.10973166369587944
Drivers	0.34968418748664637
Drivers	-0.2544076314935778
Drivers	-0.7834064848523483
Passengers in absence of driver	0.5037748106815637
Passengers in absence of driver	-0.5819512559928642
Drivers	0.3040476325422657
Drivers	-1.2889686801509204
Drivers	0.26298472502362397
Drivers	-2.070780291005538
Passengers in presence of driver	-1.1436368296894142
Passengers in presence of driver	-0.9272694684828582
Drivers	-1.2428582812467177
Passengers in absence of driver	1.7041064423123828
Passengers in presence of driver	0.7696308359938803
Drivers	0.552483024578978
Passengers in presence of driver	0.590746956105833
Drivers	0.5041431825268338
Passengers in presence of driver	-1.1268988402240452
Passengers in presence of driver	-1.125505446467524
Passengers in presence of driver	-0.932659750564979
Passengers in presence of driver	1.2279366082969156
Passengers in presence of driver	-0.8248110738102319
Passengers in absence of driver	1.1546882837658414
Passengers in absence of driver	1.2966855974511942
Drivers	-1.2428582812467177
Drivers	0.2918099910522781
Drivers	0.06079150445889082
Passengers in presence of driver	1.3299330312742736
Passengers in presence of driver	0.7683953473961982
Passengers in presence of driver	-0.7512398834659084
Passengers in presence of driver	0.05246963529556515
Drivers	0.6582685141695865
Passengers in presence of driver	-0.7071067811866784
Passengers in presence of driver	1.1898474850146237
Passengers in presence of driver	-0.852724992047266
Passengers in presence of driver	1.2458231207496528
Drivers	0.15620388129939622
Passengers in absence of driver	-0.42832387872426664
Drivers	0.34968418748664637
Passengers in presence of driver	-1.3329722014068037
Passengers in presence of driver	0.5682668963338056
Passengers in presence of driver	-1.755081344514869
Passengers in presence of driver	-2.532714309880112
Passengers in presence of driver	-0.7779930435911171
Passengers in presence of driver	-0.004102151219198725
Drivers	0.1966284613792261
Passengers in presence of driver	1.288131218578635
Drivers	0.42546977737173486
Drivers	0.4323920632290186
Drivers	0.21852441426030883
Drivers	0.861942570802418
Drivers	0.3828931811328303
Drivers	-1.2428582812467177
Drivers	0.35709991291550985
Drivers	-0.7676226130975207
Drivers	0.6582685141695865
Drivers	0.5424387425531786
Drivers	0.5045115543721039
Drivers	-0.22641425201424542
Drivers	0.3584510610697554
Drivers	0.35709991291550985
Passengers in absence of driver	0.01241231650669697
Drivers	0.3229705642040017
Drivers	0.21524438620973413
Drivers	0.15620388129939622
Drivers	0.5045115543721039
Passengers in absence of driver	0.7071067811864167
Passengers in presence of driver	-0.6656910168749324
Passengers in presence of driver	-0.9189269458492721
Drivers	0.35709991291550985
Passengers in absence of driver	-0.7611662247762879
Drivers	0.869117057963703
Passengers in presence of driver	-0.3730258192268281
Drivers	0.8408974084626479
Passengers in presence of driver	1.1122849265056496
Drivers	0.3332204855207749
Drivers	0.35709991291550985
Drivers	-1.2428582812467177
Drivers	0.20015625717709243
Drivers	0.8499850922002755
Drivers	0.4323920632290186
Drivers	0.13847198050208004
Drivers	0.42546977737173486
Passengers in absence of driver	-0.5005924003441247
Drivers	0.7763270240110797
Drivers	0.5041431825268338
Drivers	0.41600831154086726
Passengers in presence of driver	-1.1288355798556322
Drivers	0.6582685141695865
Drivers	0.3450473178093591
Passengers in absence of driver	-5.907255972992303
Drivers	0.34968418748664637
Drivers	0.889683921159388
Drivers	0.7351932976197109
Passengers in presence of driver	-0.9582981956849705
Passengers in presence of driver	-0.283338260026063
Passengers in presence of driver	1.13457922660999
Passengers in absence of driver	-0.5727370277729772
Passengers in absence of driver	1.9092065424025426
Drivers	0.4207390444563015
Drivers	0.861942570802418
Drivers	1.202226712148332
Drivers	-0.22641425201424542
Passengers in absence of driver	-0.4410472099953684
Drivers	0.861942570802418
Drivers	-0.22641425201424542
Passengers in absence of driver	-0.8077830152792378
Passengers in absence of driver	0.0934785427814039
Drivers	0.6582685141695865
Drivers	0.34977805072479334
Drivers	0.5045115543721039
Drivers	0.26298472502362397
Drivers	0.4207390444563015
Drivers	0.4323920632290186
Drivers	0.40023920182275435
Drivers	-0.6656910168749324
Drivers	-0.22641425201424542
Drivers	0.33795121843620823
Drivers	0.4323920632290186
Drivers	-0.22641425201424542
Drivers	0.3332204855207749
Drivers	0.7351932976197109
Passengers in absence of driver	-1.1510090949228449
Drivers	0.5045115543721039
Drivers	-0.19653343505920962
Drivers	-0.22641425201424542
Drivers	0.3332204855207749
Drivers	0.6146619133101174
Drivers	-1.2889686801509204
Drivers	0.4207390444563015
Drivers	0.282759334422813
Drivers	-1.2889686801509204
Drivers	0.861942570802418
Drivers	-1.2889686801509204
Drivers	0.44123888708984776
Drivers	-2.520955013579368
Drivers	-0.001237465128170855
Drivers	0.21852441426030883
Passengers in absence of driver	-1.0156044610117874
Passengers in absence of driver	-1.0209223154942242
Passengers in absence of driver	0.3083253767574975
Drivers	0.02178056858804514
Passengers in absence of driver	0.46642736936625173
Drivers	0.3198167422603786
Passengers in absence of driver	-0.32227468713719765
Passengers in absence of driver	0.8964292627312479
Drivers	0.12979897015711803
Drivers	0.20278027961755235
Passengers in absence of driver	0.4527115296085398
Drivers	0.4207390444563015
Passengers in absence of driver	-0.18748250287008394
Passengers in absence of driver	-0.5415981816613947
Drivers	0.3332204855207749
Drivers	0.42152749994220706
Drivers	0.4380850651462255
Drivers	0.40260456828047186
Passengers in absence of driver	-0.8895366689668004
Passengers in absence of driver	1.2386613782717932
Drivers	0.41443140056905614
Drivers	0.43571969868850885
Passengers in absence of driver	-0.8958252606434659
Drivers	0.4309889657730746
Passengers in absence of driver	-3.123535848501037
Passengers in absence of driver	1.7975871874858942
Passengers in absence of driver	-0.7425546840333191
Drivers	0.42862359931535793
Passengers in absence of driver	1.631613269514685
Passengers in absence of driver	1.5338719315454168
Drivers	0.14004889147389205
Passengers in absence of driver	-0.4736831992160585
Passengers in absence of driver	1.8107548599448646
Passengers in absence of driver	-0.7219786145789615
Drivers	0.43020051028716905
Passengers in absence of driver	-0.9902846745249698
Passengers in absence of driver	0.1657110847516155
Passengers in absence of driver	-0.720946457971822
Drivers	0.3332204855207749
Drivers	-0.5570153765273373
Passengers in absence of driver	1.6147708977648392
Passengers in absence of driver	-0.965174229370654
Passengers in absence of driver	0.45237849755090154
Passengers in absence of driver	-1.09280451605915
Drivers	0.4207390444563015
Passengers in absence of driver	-0.8142219671372852
Drivers	0.43020051028716905
Drivers	0.23466354978256868
Drivers	0.20278027961755235
Passengers in absence of driver	-0.9268818380658118
Passengers in absence of driver	-0.48348619530643694
Passengers in absence of driver	-0.9232214124664921
Passengers in absence of driver	1.1205238431420872
Passengers in absence of driver	-1.0300939168427876
Drivers	0.12979897015711803
Passengers in absence of driver	0.050008831759082946
Drivers	0.7066578529302795
Drivers	-2.293163601674961
Drivers	0.44281579806165977
Drivers	0.15620388129939622
Drivers	0.40260456828047186
Passengers in absence of driver	0.1399915823601465
Drivers	0.4097006676536219
Passengers in absence of driver	-0.6989493481728984
Passengers in absence of driver	-0.3141400050038815
Passengers in absence of driver	2.360386578397687
Passengers in absence of driver	1.1309792266485186
Drivers	-0.39174429428341845
Drivers	0.23466354978256868
Passengers in absence of driver	-0.5732063050106028
Passengers in absence of driver	1.691972118895372
Passengers in absence of driver	-0.09938368637320863
Passengers in absence of driver	-1.0807134832419183
Passengers in absence of driver	-0.8124212816321604
Drivers	0.43662329065067035
Drivers	-0.02868058250991673
Passengers in absence of driver	-0.26357233967013005
Drivers	0.3332204855207749
Passengers in absence of driver	-0.14273775866458868
Drivers	0.4081237566818108
Passengers in absence of driver	-0.747824376458901
Drivers	0.4167967670267728
Passengers in absence of driver	0.34546851770826725
Drivers	0.42546977737173486
Drivers	0.41443140056905614
Drivers	0.44123888708984776
Passengers in absence of driver	-0.4036340364166301
Drivers	0.05342065572298795
Passengers in absence of driver	-0.7912384629358813
Drivers	0.3584510610697554
Drivers	0.33558585197849156
Passengers in absence of driver	-0.15444023022602596
Drivers	0.4380850651462255
Drivers	0.20278027961755235
Drivers	-0.28548445927161126
Drivers	0.31347313174919106
Passengers in absence of driver	2.4338711268918503
Passengers in absence of driver	-0.4632715512252446
Passengers in absence of driver	1.745528947531825
Passengers in absence of driver	-1.394181741336626
Drivers	0.5882274450396442
Passengers in absence of driver	-0.38005387672282187
Passengers in absence of driver	0.22369315801663317
Drivers	0.6322156385780109
Drivers	0.3584510610697554
Passengers in absence of driver	0.46642556410745245
Drivers	0.13847198050208004
Drivers	0.44281579806165977
Drivers	0.02178056858804514
Passengers in absence of driver	0.6157507945073589
Passengers in absence of driver	-0.8030577170055117
Passengers in absence of driver	0.7583525515660763
Passengers in absence of driver	-1.2789531316481084
Passengers in absence of driver	-0.8289875882793083
Drivers	0.6773258739580954
Drivers	0.42546977737173486
Passengers in absence of driver	0.192940195465829
Drivers	0.4167967670267728
Passengers in absence of driver	-0.850855643319288
Passengers in absence of driver	-0.7381870469377173
Drivers	0.43729660966031997
Drivers	-0.8021554141833545
Drivers	0.3332204855207749
Drivers	0.21721240304007924
Drivers	0.7587796173149762
Drivers	0.4081237566818108
Passengers in absence of driver	1.129710591369276
Drivers	0.3584510610697554
Passengers in absence of driver	1.1986071008485806
Drivers	0.20278027961755235
Passengers in absence of driver	-0.8297078624813581
Drivers	0.3584510610697554
Drivers	0.23466354978256868
Passengers in absence of driver	-0.57641758711785
Drivers	-0.29044780383059104
Drivers	0.4404504316039422
Drivers	0.21852441426030883
Passengers in absence of driver	-0.5263538890519405
Passengers in absence of driver	-0.7457959179425439
Drivers	0.23466354978256868
Passengers in absence of driver	0.5791181476197662
Passengers in absence of driver	-0.24248336883180954
Passengers in absence of driver	-0.65756232819143
Drivers	0.5485779805611015
Passengers in absence of driver	1.126648341960213
Drivers	0.02178056858804514
Drivers	0.4167967670267728
Drivers	-0.724886776564601
Passengers in absence of driver	2.284037512980397
Drivers	0.4167967670267728
Passengers in absence of driver	0.9434787685659435
Drivers	0.4380850651462255
Drivers	0.20343628522766713
Passengers in absence of driver	0.32536110379289945
Passengers in absence of driver	-1.0355675007342393
Passengers in absence of driver	-0.21531396813278617
Passengers in absence of driver	-1.22380593809441
Passengers in absence of driver	0.26309352128950264
Passengers in absence of driver	2.164025900298711
Passengers in absence of driver	-1.014782669797473
Drivers	0.43571969868850885
Drivers	0.354239522146102
Drivers	0.5041431825268338
Drivers	0.538804220318121
Drivers	0.42546977737173486
Passengers in absence of driver	-0.49126129093265614
Drivers	0.6376202722262301
Passengers in absence of driver	-0.21645392163387359
Passengers in absence of driver	0.49197930504979226
Drivers	0.3584510610697554
Drivers	-2.4748720500317534
Drivers	0.4831296486865529
Drivers	0.3066658867449394
Drivers	-2.706738717194737
Drivers	0.3731425412147682
Drivers	0.861942570802418
Drivers	0.30536100599842986
Passengers in absence of driver	0.5155347295131795
Drivers	0.4207390444563015
Drivers	-1.7677461233806941
Passengers in absence of driver	-0.9766430891645251
Drivers	-0.7915375703018052
Drivers	0.8370710153099623
Drivers	0.3510364521521276
Drivers	0.4404504316039422
Drivers	0.354239522146102
Drivers	0.13847198050208004
Drivers	0.354239522146102
Drivers	0.34977805072479334
Drivers	0.34968418748664637
Passengers in absence of driver	1.5252928312019878
Passengers in absence of driver	0.473038257059867
Drivers	0.4167967670267728
Drivers	0.36929445239415953
Drivers	-0.724886776564601
Drivers	0.40260456828047186
Drivers	0.1479334463329485
Drivers	-4.1107669065159795
Drivers	0.16362582043731355
Drivers	0.7351932976197109
Passengers in absence of driver	-0.5510520156336464
Drivers	0.40181611279456547
Passengers in absence of driver	0.44447143058325844
Drivers	0.4207390444563015
Drivers	0.354239522146102
Drivers	0.7997636820712785
Drivers	0.30710084699377593
Drivers	0.30710084699377593
Drivers	-0.724886776564601
Drivers	0.07605593002275524
Passengers in absence of driver	-0.2406001758400428
Drivers	0.3702778933583396
Passengers in absence of driver	0.7722563372730792
Drivers	0.5321777531539864
Passengers in absence of driver	-0.21121463457180875
Passengers in absence of driver	0.47738538282804643
Drivers	0.42546977737173486
Drivers	0.5041431825268338
Passengers in absence of driver	-0.7707008296590153
Passengers in absence of driver	-1.070571428485735
Drivers	0.3062309264961029
Drivers	0.30536100599842986
Passengers in absence of driver	-0.35040814139666926
Passengers in absence of driver	-0.14120593445662122
Drivers	0.3066658867449394
Passengers in absence of driver	0.489495233182261
Passengers in absence of driver	-2.199512563420245
Passengers in presence of driver	0.7806317163078509
Drivers	-1.0483842106758194
Passengers in absence of driver	0.20465687232221857
Passengers in absence of driver	-0.6160169376645301
Drivers	0.43177742125898017
Drivers	0.4167967670267728
Drivers	0.8212871435551342
Drivers	0.3584510610697554
Drivers	0.7390196907723959
Drivers	0.4112775786254339
Drivers	0.4365081541744144
Drivers	-1.0483842106758194
Drivers	0.3584510610697554
Passengers in absence of driver	0.352637987149115
Drivers	0.43020051028716905
Drivers	0.354239522146102
Drivers	0.3057959662472664
Drivers	0.2677786801906065
Drivers	0.42862359931535793
Passengers in absence of driver	0.04800505300512203
Drivers	0.3057959662472664
Drivers	0.02178056858804514
Passengers in absence of driver	-0.17685704528297894
Drivers	0.6376202722262301
Drivers	0.4420273425757542
Drivers	0.5298404208768547
Drivers	-0.2979328536053754
Drivers	0.861942570802418
Drivers	0.9193384680927006
Drivers	0.5041431825268338
Drivers	0.3332204855207749
Drivers	0.9073809894905581
Passengers in absence of driver	2.4177874300962965
