tf	diff	p_val	pval_adj
A1CF	-0.03395178571428572	0.6167804461930921	0.8920484659747849
ABCF2	-0.08489285714285714	0.29573359590317955	0.7694684147644392
ACO1	0.062048214285714276	0.13358753882776345	0.6219360486701562
ADARB1	-0.019591071428571423	0.7765736559291108	0.9292049689177045
AFF4	0.09059464285714287	0.18783989666707762	0.6796397813117213
AGAP2	-0.00547321428571429	0.9337415569885527	0.9851892416874138
AGGF1	0.050771428571428565	0.10173373591848163	0.5704435789162827
AHR	0.012237946428571414	0.47888899233674875	0.8472181535345288
AIRE	0.01119285714285715	0.5679267857756546	0.8752382798564811
AKR1A1	0.09898392857142857	0.17248787504602944	0.6622228751752404
ALX1	0.01607678571428571	0.22516388876031782	0.7012918503888099
ALX3	0.01830505952380952	0.11422973144671418	0.5956264568292954
ALX4	0.006485119047619045	0.8192921568733486	0.9445108945480561
ANDR	-0.000838690476190472	0.9614086087035243	0.9919865251004686
ANXA1	-0.09252142857142857	0.22985049588229303	0.7068794629462094
ANXA11	-0.013983928571428564	0.8402563340995542	0.9526606551594705
AP2A	0.04582321428571428	0.0001649366919201218	0.22876719169320894
AP2B	0.019791071428571443	0.3700413745293205	0.81300080964177
AP2C	0.03360714285714286	0.01413507215859623	0.3242627059620669
AP2D	0.026700000000000005	0.15509196591136862	0.6482890897747006
APEX2	-0.005292857142857148	0.9060296738056424	0.974056346138746
AR	0.008048809523809514	0.7207675691292235	0.9206897459681164
ARFGAP1	0.012412500000000002	0.422478120156194	0.8186274308433042
ARGFX	0.018291071428571427	0.18821372089027516	0.6796397813117213
ARI3A	-0.030553571428571423	0.10281967896832782	0.5704435789162827
ARI5B	9.107142857142647e-05	0.9952685836781163	0.9988694106812933
ARID3A	-0.008984523809523817	0.4647890542791233	0.8415958463252533
ARID5A	-0.003217857142857144	0.761852896310271	0.9261086478372882
ARID5B	0.006189880952380957	0.6058133932403089	0.8836853450746536
ARNT	0.008862755102040827	0.5167243297691759	0.8578566098715087
ARNT2	0.023333333333333338	0.12924443990771978	0.6140148704241055
ARNTL	-0.006392857142857141	0.5948893085973322	0.8806266448765313
ARX	0.013389285714285711	0.3676542366077805	0.81300080964177
ASAP3	0.013930357142857147	0.6213305989246987	0.8929492751108978
ASCC1	0.015157142857142862	0.784146897983391	0.9292049689177045
ASCL1	0.04242910714285714	0.13448005486695308	0.6224575424809395
ASCL2	0.027312499999999983	0.1926352272442333	0.6796397813117213
ASPSCR1	0.05099107142857143	0.026687033880517554	0.3880506681627678
ATF1	-0.00578250000000001	0.767854375197702	0.9292049689177045
ATF2	0.009260119047619059	0.6407917153181255	0.905911010501171
ATF3	-0.01610624999999998	0.5410063619687289	0.8674892484385103
ATF4	-0.01755928571428568	0.5951618067086344	0.8806266448765313
ATF5	-0.06233482142857142	0.15305436548351492	0.6482890897747006
ATF6	-0.013270535714285724	0.45162544767649937	0.8330828476498078
ATF6A	-0.014941071428571422	0.5591125912234994	0.8729147630625771
ATF7	0.012239030612244909	0.476490689085325	0.8472181535345288
ATOH1	0.02014336734693876	0.19846907528617705	0.6847676801540488
ATOH7	0.008416071428571432	0.6197214830090763	0.892249553725011
AVEN	-0.0027053571428571344	0.9625608963682799	0.9919865251004686
BACH1	-0.009663049450549459	0.6381197476865244	0.9059079734301015
BACH2	-0.01625877976190476	0.5020296428604174	0.8572587366790491
BAD	0.03654999999999999	0.2825771559611306	0.7694684147644392
BARH1	-0.0005267857142857227	0.9829523715777819	0.9965758283627126
BARH2	0.011483928571428569	0.5314740318025877	0.8652052091967293
BARHL1	0.03975	0.03356280820121166	0.39657859419751135
BARHL2	0.03742276785714285	0.025973352758426837	0.3880506681627678
BARX1	0.02600654761904762	0.01654616653501798	0.33585912795694084
BARX2	-0.009606547619047619	0.6413028860861216	0.905911010501171
BATF	-0.008722098214285719	0.6606014789483148	0.9121702476775824
BATF3	-0.003857142857142882	0.6088034087708443	0.8852169459091817
BAX	-0.1267142857142857	0.29577265408915354	0.7694684147644392
BBX	0.0028303571428571414	0.8783756628991598	0.9653780066886963
BC11A	0.010707142857142866	0.5491388321045508	0.8674892484385103
BCL11A	0.02547857142857142	0.29249895832475586	0.7694684147644392
BCL3	-0.020953571428571426	0.2905719503261982	0.7694684147644392
BCL6	-0.0002183673469387873	0.9925240768004224	0.9985724289389437
BCL6B	0.007542559523809528	0.6334784312285704	0.9020888953942784
BHA15	0.018807142857142866	0.3330182850117641	0.8038159045475219
BHE22	0.024207142857142865	0.05446337639781048	0.5002695567136631
BHE23	0.01706607142857143	0.41106166361646634	0.8152280451887712
BHE40	-0.009601785714285715	0.5104476112242093	0.8572587366790491
BHE41	-0.015783928571428553	0.4950069075008936	0.8565052930833101
BHLHA15	0.017718668831168828	0.012845444436686174	0.3242627059620669
BHLHB2	-0.015701785714285717	0.43888339946418387	0.8260623554445302
BHLHB3	-0.027742857142857142	0.27944085930718854	0.7694684147644392
BHLHE22	0.030496577380952388	0.11830740784863518	0.5994812249237333
BHLHE23	0.03215089285714285	0.020692380560974093	0.36869026400706745
BHLHE40	-0.01621581632653063	0.28806448084989594	0.7694684147644392
BHLHE41	-0.005937723214285703	0.6772553568584083	0.9153261391993897
BMAL1	-0.01001785714285714	0.5759054913963549	0.877362467568847
BNC2	0.005542857142857148	0.8419811623177873	0.9526606551594705
BOLL	-0.01999464285714286	0.6120091169500774	0.8879253610980726
BPTF	-0.020818750000000014	0.24504016768383968	0.718841128446548
BRAC	-0.027441964285714264	0.38197469427850783	0.81300080964177
BRCA1	-0.03755982142857142	0.35890430928005135	0.81300080964177
BSH	0.01682142857142857	0.40857378031583924	0.8152280451887712
BSX	0.04127440476190475	0.06125442180581305	0.5083175513054567
C19ORF25	0.04247678571428572	0.4712924373962021	0.8462601985301093
C19ORF40	0.054625	0.04334868474946757	0.4652810833215111
C9ORF156	-0.04642857142857143	0.5743509126503676	0.8773399954251762
CANX	-0.12093928571428572	0.34376038585604585	0.8067608378719723
CART1	0.008016071428571428	0.7210355093118846	0.9206897459681164
CAT	0.0698	0.11092335968476637	0.5894662830757508
CBFA2T2	0.030117857142857148	0.47285627531422836	0.8462601985301093
CBFB	0.03327767857142857	0.19071880191672927	0.6796397813117213
CBX3	-0.053973214285714284	0.37879033303409815	0.81300080964177
CBX7	0.014219642857142854	0.7023095706633833	0.9198080289753309
CCDC25	0.09408571428571429	0.04195000274904996	0.45456760791353357
CD59	0.010369642857142862	0.8408828754635115	0.9526606551594705
CDC5L	-0.009706250000000007	0.6565232258650422	0.9117457439128055
CDK2AP1	0.030569642857142858	0.16108525472745494	0.6482890897747006
CDX1	0.011450892857142854	0.2413481898330558	0.712256120560784
CDX2	0.00860456349206351	0.157251065759763	0.6482890897747006
CDX4	0.014401785714285718	0.2222509412909586	0.6982791787927022
CEBPA	0.01738150510204082	0.2097036406046432	0.6936672612596936
CEBPB	0.005067589285714269	0.7803690462423544	0.9292049689177045
CEBPD	0.019916883116883118	0.141357688263181	0.6345084583204922
CEBPE	0.018362012987012986	0.06830206351356453	0.5083175513054567
CEBPG	0.0035258928571428524	0.7746523063779154	0.9292049689177045
CEBPZ	-0.024339285714285702	0.46421685212930397	0.8415958463252533
CELF4	-0.042283928571428576	0.5560884828604189	0.8725053458454763
CELF5	0.02997499999999999	0.3988077317382893	0.8152280451887712
CELF6	-0.024385714285714285	0.6262326033263557	0.8949646023283744
CENPB	0.015970833333333323	0.17158541039785266	0.6622228751752404
CERS4	-0.08031250000000001	0.2389870246222882	0.712256120560784
CFL2	0.035707142857142854	0.16913665127846472	0.6614372951909072
CHD1	-0.005673214285714295	0.7515785166067416	0.9245339907242486
CHD2	0.00873750000000001	0.5624157618995069	0.8729147630625771
CKMT1B	0.03445714285714286	0.06381268809276662	0.5083175513054567
CLK1	0.07456428571428571	0.06458053183403586	0.5083175513054567
CLOCK	-0.004605000000000008	0.715258811895807	0.9206897459681164
CNOT6	0.08198928571428571	0.010748211486662525	0.3242627059620669
COE1	0.03369285714285715	0.011244688315953702	0.3242627059620669
COT1	0.015287500000000013	0.1617217195833067	0.6482890897747006
COT2	0.028505357142857145	0.011320865337717066	0.3242627059620669
CPEB1	0.00030357142857141	0.9883894509321817	0.9984068465767499
CPSF4	-0.04330714285714286	0.5229551404571697	0.8624717952605165
CR3L1	-0.006894642857142856	0.7208218820333632	0.9206897459681164
CR3L2	0.009630357142857142	0.36228049944325025	0.81300080964177
CREB1	-0.014690446428571435	0.3785975578609576	0.81300080964177
CREB3	0.005809438775510177	0.7242460347123916	0.9207417508213447
CREB3L1	-0.003536344537815119	0.5648675314589798	0.8744098952383985
CREB3L2	-0.0028940476190476103	0.6410015495665692	0.905911010501171
CREB3L4	-0.010020535714285718	0.4472245481014886	0.8312939823739837
CREB5	0.005733035714285718	0.6919816784232145	0.9175703517906295
CREM	-0.026163839285714308	0.22125575899135155	0.6974584948204651
CRX	0.049179166666666684	0.18133034447222124	0.6724737641255906
CSNK2B	0.03080892857142857	0.5985076993856795	0.8806498839857665
CSTF2	0.060578571428571426	0.014261013023566027	0.3242627059620669
CTCF	0.03192098214285717	0.01172762188672324	0.3242627059620669
CTCFL	0.01886049107142859	0.07027134269446628	0.5083175513054567
CUX1	-0.020088798701298708	0.13566340039994712	0.6224575424809395
CUX2	-0.011558418367346956	0.3633817905834129	0.81300080964177
CXXC1	0.001001785714285712	0.9756092282319085	0.9965758283627126
CYB5R1	0.0682375	0.001052215918111972	0.2787808182689477
CYCS	-0.0161875	0.38542427074978014	0.81300080964177
DAB2	0.053212499999999996	0.04760656554308444	0.48072512867192985
DAZAP1	0.04097321428571429	0.2348060332234566	0.7097147715539948
DBP	0.01067812500000001	0.49233983111030466	0.8564740178745744
DBX2	0.023403571428571426	0.05696348463455574	0.5083175513054567
DDIT3	-0.015013095238095242	0.474305390914486	0.8472181535345288
DDX20	0.043939285714285715	0.027276316593430282	0.3880506681627678
DDX4	0.043155357142857134	0.146761363652279	0.6441709221066803
DDX43	0.017344642857142854	0.5914216961181156	0.8806266448765313
DDX53	0.03397321428571429	0.48380156516683015	0.852300061453452
DGCR8	-0.02545535714285714	0.6799862169679616	0.9153261391993897
DHX36	0.07678392857142854	0.018984340393010706	0.3558281097987277
DIABLO	0.03401071428571429	0.5450093122622031	0.8674892484385103
DIS3	0.03765892857142858	0.2129506846094976	0.6974584948204651
DLX1	0.038284226190476195	0.013377812564151872	0.3242627059620669
DLX2	0.029094642857142857	0.13532134864193193	0.6224575424809395
DLX3	0.01585654761904762	0.43942593805951713	0.8260623554445302
DLX4	0.019097619047619044	0.21700880846072212	0.6974584948204651
DLX5	0.029219345238095232	0.07633107604806866	0.5370690592309457
DLX6	0.03450571428571429	0.09227592071620391	0.5663128408556408
DMBX1	0.008607142857142862	0.5026764366983327	0.8572587366790491
DMC1	-0.004833928571428572	0.7741818472302499	0.9292049689177045
DMRT1	-0.021022619047619047	0.7060732958306344	0.920416974922077
DMRT3	-0.01095714285714286	0.4271586031209166	0.8243298290868437
DMRTA1	-0.02421249999999999	0.45110488980538943	0.8330828476498078
DMRTA2	-0.04583214285714286	0.18363868996498509	0.6769041605895457
DMRTC2	0.011421428571428568	0.5479717803138494	0.8674892484385103
DNMT3A	0.024775	0.4092401849690266	0.8152280451887712
DPRX	0.029804642857142863	0.15162091929925942	0.6482890897747006
DRGX	0.012946428571428557	0.5439341164173062	0.8674892484385103
DTL	0.06870714285714286	0.023533158209202258	0.38387959181994413
DUS3L	0.0097375	0.42930113648920154	0.8243298290868437
DUSP22	-0.1100410714285714	0.2855219718188441	0.7694684147644392
DUSP26	0.012973214285714296	0.7175976153227406	0.9206897459681164
DUX4	-0.07458482142857141	0.30220700004119355	0.7719357441199548
DUXA	-0.04913714285714283	0.1928855851579798	0.6796397813117213
E2F1	0.0004266233766233793	0.9761242625710114	0.9965758283627126
E2F2	-0.0013831632653061518	0.92216198277008	0.9801062606146368
E2F3	-0.004483163265306102	0.7296705369434379	0.9225124878589336
E2F4	0.0024277597402597717	0.8947317433540986	0.9687688743420255
E2F5	0.029390178571428584	0.033747884213190235	0.39657859419751135
E2F6	0.008958705357142865	0.5183012538372922	0.8578566098715087
E2F7	0.013149107142857136	0.1893616033336903	0.6796397813117213
E2F8	-0.015597857142857136	0.2734008248279885	0.7599337555840081
E4F1	-0.028130357142857124	0.45186102027442787	0.8330828476498078
EBF1	0.016552335164835147	0.16683099851027713	0.6601681495574776
EBF3	0.05673080357142858	0.0018567986497049832	0.2787808182689477
ECSIT	0.0009160714285714258	0.9836426164589428	0.9965758283627126
EDN1	0.03684642857142857	0.12015557356077712	0.5994812249237333
EEF1D	-0.010030357142857146	0.82764240386626	0.9455848551585689
EGR1	0.021487637362637365	0.04572161140648336	0.4735091179682836
EGR2	0.017826339285714275	0.09410292220629683	0.5699596205246014
EGR3	0.008754017857142853	0.6090823696829246	0.8852169459091817
EGR4	0.018597857142857156	0.1294856655432959	0.6140148704241055
EHF	0.03021142857142856	0.026010278294990176	0.3880506681627678
EIF5A2	0.04650535714285714	0.02940900444767061	0.3880506681627678
ELF1	0.025277759740259764	0.011063842387840023	0.3242627059620669
ELF2	0.036909999999999984	0.049768425281862545	0.48576456615000924
ELF3	0.014237857142857142	0.22283104042661803	0.6982791787927022
ELF4	0.025479999999999968	0.024632504449873846	0.38387959181994413
ELF5	0.034311309523809536	0.08808971940140989	0.5599192292906258
ELK1	0.021083928571428597	0.11727451413452733	0.5994812249237333
ELK3	0.011868622448979585	0.23666620409129244	0.7120521151293332
ELK4	0.011161734693877566	0.4047486158251983	0.8152280451887712
EMX1	0.002047023809523811	0.8962783649159995	0.9690729966362875
EMX2	0.0023949999999999944	0.876242644805509	0.9645623399565405
EN1	0.01968988095238094	0.10234811232146095	0.5704435789162827
EN2	-0.008469285714285728	0.6861297750464683	0.9153261391993897
ENO1	0.0012214285714285678	0.980155711542686	0.9965758283627126
EOMES	-0.024124999999999994	0.6009567019797801	0.8806498839857665
EP300	0.008639285714285717	0.6831754519585385	0.9153261391993897
EPAS1	0.0032470238095238385	0.8682488522313982	0.959997977725145
ERF	-0.002554642857142863	0.7990352947077991	0.9368232914283325
ERG	0.01877824675324676	0.06915129015274239	0.5083175513054567
ERR1	0.005376785714285709	0.743805412090085	0.9245339907242486
ERR2	-0.008505357142857141	0.6875896798956505	0.9153261391993897
ERR3	-0.031791071428571425	0.3603647045739994	0.81300080964177
ESR1	-0.02499126984126985	0.460196375098065	0.8376540318386039
ESR2	-0.043804081632653084	0.1591279364638173	0.6482890897747006
ESRP1	0.07141785714285714	0.012303303541374573	0.3242627059620669
ESRP2	0.04159821428571428	0.1566688521070198	0.6482890897747006
ESRRA	0.008369770408163271	0.3657372190404985	0.81300080964177
ESRRB	0.0011496428571428456	0.9286421788691495	0.983513849180234
ESRRG	0.003236309523809499	0.7368368729760886	0.9245339907242486
ESX1	0.041165816326530616	0.014098717845104842	0.3242627059620669
ETFB	-0.012792857142857134	0.7724777557509801	0.9292049689177045
ETS1	0.003817207792207806	0.7235413288430042	0.9206897459681164
ETS2	0.0002503571428571598	0.9807185585345011	0.9965758283627126
ETV1	0.019953769841269866	0.011220465076049646	0.3242627059620669
ETV2	-0.003222916666666669	0.8094017225888015	0.9401121601509468
ETV3	0.02012767857142856	0.06802735401296135	0.5083175513054567
ETV4	0.01325082417582418	0.07735443138508621	0.5370690592309457
ETV5	0.013580803571428584	0.14486417338875235	0.6419380462945672
ETV6	0.017584183673469363	0.09778700494559785	0.5704435789162827
ETV7	0.01807916666666666	0.2863307359431471	0.7694684147644392
EVI1	-0.030555357142857127	0.273295897626367	0.7599337555840081
EVX1	0.007576785714285703	0.7014066189738815	0.9198080289753309
EVX2	0.018599404761904748	0.10375607913010454	0.5717301762681428
EWSR1	0.05118571428571428	0.05117242704321771	0.4861380569105682
EWSR1-FLI1	0.0072696428571428495	0.5865921253099119	0.8806266448765313
EXO5	0.00665535714285715	0.8928007078522686	0.9684355261081437
EXOSC3	0.15984285714285715	0.013881582906413113	0.3242627059620669
EZH2	-0.024226785714285715	0.48547004408858696	0.8523379128492027
EZR	0.05980000000000001	0.05941374237114534	0.5083175513054567
FAM127B	-0.03739107142857141	0.3941627016789817	0.81300080964177
FERD3L	0.024182142857142853	0.15627217343341562	0.6482890897747006
FEV	0.019859523809523806	0.19165934271836846	0.6796397813117213
FEZ1	0.048844642857142836	0.40583430398159726	0.8152280451887712
FEZF1	-0.00825	0.7937124919143304	0.9368232914283325
FEZF2	-0.010150000000000006	0.8224722178038983	0.9447972291392466
FGF19	-0.011862499999999991	0.7036837240154763	0.9198080289753309
FHL2	0.029846428571428572	0.1598743749739257	0.6482890897747006
FIGLA	-0.0024803571428571383	0.9316079289542321	0.9848629553807317
FIP1L1	-0.00014642857142857513	0.9981647778625188	0.9998807679962859
FLI1	0.012968154761904764	0.21560539561489778	0.6974584948204651
FOS	-0.007053733766233784	0.6777865208184143	0.9153261391993897
FOSB	0.0067708333333333336	0.7563723603366582	0.9251221021048898
FOSL1	-0.02000997023809525	0.3943092410845206	0.81300080964177
FOSL2	-0.012878794642857138	0.517837532871119	0.8578566098715087
FOXA1	0.027655714285714283	0.22302644282996903	0.6982791787927022
FOXA2	0.023641326530612253	0.3608474988163287	0.81300080964177
FOXA3	0.021489285714285683	0.4093524197722531	0.8152280451887712
FOXB1	0.02036556122448981	0.0866974917869573	0.5541447977350682
FOXC1	0.008079336734693875	0.5573412095025077	0.8729147630625771
FOXC2	0.009397916666666652	0.5966771498474002	0.8806266448765313
FOXD1	-0.0050226190476190535	0.8206658799935473	0.9445108945480561
FOXD2	-0.006495663265306116	0.7528563074160729	0.9245339907242486
FOXD3	-0.01694142857142858	0.475256739708367	0.8472181535345288
FOXE1	-0.007648214285714265	0.6460125943514914	0.908195696925271
FOXF1	0.010048214285714268	0.6829935966619105	0.9153261391993897
FOXF2	-0.0027278571428571152	0.9065022359010169	0.974056346138746
FOXG1	-0.01175841836734693	0.6563542346318054	0.9117457439128055
FOXH1	0.017270535714285707	0.32301282399159204	0.795448792449101
FOXI1	-0.0009821428571428724	0.939751873302453	0.9868432872704964
FOXJ1	0.0033196428571428613	0.8822805772027955	0.9662920331856626
FOXJ2	0.0024551020408163163	0.9405147822453988	0.9868432872704964
FOXJ3	0.00908816964285717	0.6684008374573737	0.9153261391993897
FOXK1	-0.009202976190476213	0.8260901624308148	0.9447972291392466
FOXK2	0.007910119047619055	0.7985465908988892	0.9368232914283325
FOXL1	0.008572321428571436	0.6531791711492889	0.911428078857207
FOXM1	0.011256547619047604	0.5248775032630842	0.8633647380944951
FOXN1	0.014891666666666657	0.333212150374545	0.8038159045475219
FOXN3	-0.006691071428571414	0.8038411311273216	0.9381246476782713
FOXO1	-0.01652678571428573	0.4020333048207131	0.8152280451887712
FOXO3	-0.0268137987012987	0.5288809968779835	0.864776884112075
FOXO4	-0.01616160714285716	0.43775837351016067	0.8260623554445302
FOXO6	-0.018159226190476208	0.38727883270882135	0.81300080964177
FOXP1	-0.011316666666666655	0.7443069799227222	0.9245339907242486
FOXP2	-0.026010119047619042	0.4049768515093911	0.8152280451887712
FOXP3	-0.010506249999999998	0.6840819250945132	0.9153261391993897
FOXP4	-0.049344642857142865	0.24081681240171335	0.712256120560784
FOXQ1	0.014178571428571422	0.22711855070202222	0.7025413024680279
FUBP1	0.008490178571428558	0.7107404419666321	0.9206897459681164
GABPA	0.011338492063492066	0.2699907643812152	0.7583078700687487
GADD45A	0.025167857142857145	0.6457132283186927	0.908195696925271
GAR1	-0.06794285714285717	0.38584663374613004	0.81300080964177
GATA1	-0.05312410714285713	0.2532703191512457	0.7288089889269249
GATA2	-0.08391803571428572	0.12159267092973962	0.5997556807465649
GATA3	-0.02875302197802199	0.42930328220735503	0.8243298290868437
GATA4	-0.040099776785714275	0.37441908669533025	0.81300080964177
GATA5	-0.03918357142857144	0.22793337138472428	0.7025413024680279
GATA6	-0.08508705357142857	0.17087046566561456	0.6622228751752404
GBX1	0.009330803571428566	0.5617195818217344	0.8729147630625771
GBX2	0.019095535714285707	0.08585229092565416	0.5516710685957973
GCM1	-0.0034595238095238186	0.7970305928073731	0.9368232914283325
GCM2	-0.010722321428571442	0.6580082838188308	0.9117457439128055
GCR	0.005564285714285702	0.8038224739687242	0.9381246476782713
GFI1	-0.04078928571428572	0.3944841707922936	0.81300080964177
GFI1B	-0.026397767857142866	0.5051557987129512	0.8572587366790491
GIT2	0.06516785714285714	0.20418967425862905	0.686376030439306
GLI1	0.007182142857142856	0.577144307075009	0.8775992864834832
GLI2	0.042917187499999995	0.0005941707245589602	0.2787808182689477
GLI3	0.01940327380952381	0.0017172986312156253	0.2787808182689477
GLIS1	-0.00525357142857142	0.8370046326036644	0.9515782175584284
GLIS2	-5.773809523809681e-05	0.9962053990140753	0.9990866872252513
GLIS3	-0.011094642857142845	0.5511203580709501	0.8676548656576705
GLTPD1	0.05778928571428571	0.1455365903383796	0.6428638560488297
GLYCTK	0.04750178571428572	0.002608150257662086	0.2787808182689477
GMEB1	0.050239880952380966	0.006236928280811589	0.3094578974378646
GMEB2	0.009206547619047628	0.5345308185534314	0.8671277723200109
GOT1	0.004266071428571432	0.9107605289789061	0.975366337259592
GPAM	-0.0137375	0.8302890247095945	0.947827882528566
GPANK1	-0.013542857142857141	0.8260240124321827	0.9447972291392466
GPD1	0.051683928571428554	0.33367314010541516	0.8038159045475219
GRHL1	-0.0008523809523809621	0.9451780457678524	0.9878401568057785
GRHL2	-0.015994387755102063	0.5111412943284597	0.8572587366790491
GRHPR	-0.05438035714285715	0.35551526798668426	0.81300080964177
GSC	0.041261160714285705	0.023810900135184557	0.38387959181994413
GSC2	0.052385714285714306	0.005158508110888364	0.3094578974378646
GSX1	-0.003940178571428574	0.8868136876023777	0.9669894533840392
GSX2	0.007950000000000006	0.6373118817347122	0.9059079734301015
GTF2B	-0.015685714285714282	0.7118570050865233	0.9206897459681164
GTF2F1	0.007180357142857138	0.5259286751087702	0.8633647380944951
GTF2H3	0.09417857142857144	0.01566446334663996	0.3283125743435032
GTF2I	-0.03519285714285715	0.3933684738237969	0.81300080964177
GTF3C2	-0.02023214285714285	0.7486023783054601	0.9245339907242486
GTF3C5	-0.04421785714285715	0.32250358196329126	0.795448792449101
GTPBP1	-0.00655892857142857	0.9003455030311323	0.9710569305631264
GTPBP6	0.033769642857142866	0.04874419353221814	0.48291568877990404
GZF1	-0.009589285714285713	0.6380885126957088	0.9059079734301015
H1FX	-0.023364285714285716	0.6523263961532394	0.911428078857207
H2AFY	-0.04734821428571429	0.39992265469458566	0.8152280451887712
H2AFZ	0.031421428571428565	0.4178710117375254	0.8163198496900672
HAND1	0.011427678571428575	0.5212410325939727	0.8606682288188573
HAND2	0.01055892857142857	0.6883094183020645	0.9153261391993897
HBP1	0.003990178571428575	0.7501415509238222	0.9245339907242486
HCFC1	-0.015123214285714282	0.28182263314659195	0.7694684147644392
HCFC2	-0.12330178571428571	0.23535693559415416	0.7097147715539948
HCLS1	0.015019642857142853	0.1839890905135247	0.6769041605895457
HDAC8	-0.0011803571428571497	0.9827085445702525	0.9965758283627126
HDX	0.018698214285714283	0.23835472393075213	0.712256120560784
HEN1	0.025955357142857155	0.15517155803045604	0.6482890897747006
HES1	-0.015006547619047603	0.3926108310541644	0.81300080964177
HES2	-0.01035357142857143	0.42827224653325735	0.8243298290868437
HES5	-0.007760912698412687	0.5481104022342194	0.8674892484385103
HES6	-0.02298928571428572	0.3249418637445569	0.7959929307044902
HES7	-0.013375357142857137	0.4425121341710786	0.8260623554445302
HESX1	0.012575000000000017	0.11640643399315698	0.5994812249237333
HEY1	-0.005468112244897953	0.5957569715665418	0.8806266448765313
HEY2	-0.009603571428571402	0.34168538965284034	0.8067608378719723
HHAT	0.05600714285714286	0.08591272589523591	0.5516710685957973
HHEX	0.07534285714285716	0.020733843253461615	0.36869026400706745
HIC1	0.022099107142857143	0.13362432768832483	0.6219360486701562
HIC2	-0.0002499999999999933	0.991684364621058	0.9985724289389437
HIF1A	0.019643452380952386	0.2253462464846455	0.7012918503888099
HINFP	0.01881562499999999	0.1810581564345802	0.6724737641255906
HINFP1	0.006116071428571446	0.46835854080616723	0.8447507101406423
HIRIP3	-0.0073410714285714294	0.7788135568804806	0.9292049689177045
HIST1H2BN	-0.04835714285714285	0.2926500720240943	0.7694684147644392
HIST2H2AB	0.10600178571428572	0.002612942060199221	0.2787808182689477
HIST2H2BE	-0.014667857142857135	0.6135582343169492	0.8883144791206771
HIVEP1	-0.002639285714285719	0.9351436178740058	0.9855958951301262
HLCS	-0.052275	0.39895280204922545	0.8152280451887712
HLF	0.012230484693877566	0.4150866328645165	0.8152280451887712
HLTF	0.053546428571428564	0.034782723049231745	0.3978437917179974
HLX	0.00690892857142858	0.72634098144577	0.9225124878589336
HMBOX1	-0.11517589285714286	0.0989371716210114	0.5704435789162827
HMBX1	-0.06107142857142858	0.20999690848932387	0.6936672612596936
HME1	-0.0036071428571428574	0.8690155201718897	0.959997977725145
HME2	-0.008726785714285715	0.8434401043589022	0.9526606551594705
HMG20A	0.06775714285714285	0.030813115099236635	0.39657859419751135
HMGA1	0.048457142857142844	0.060716145836215936	0.5083175513054567
HMGA2	0.017367261904761906	0.14961737267850506	0.6482890897747006
HMX1	0.01000238095238094	0.3758488357588433	0.81300080964177
HMX2	0.0131625	0.32539869625771156	0.7959929307044902
HMX3	0.013732142857142849	0.29486304956136394	0.7694684147644392
HNF1A	0.01765624999999998	0.2808900817245385	0.7694684147644392
HNF1B	0.010970436507936502	0.5632723236777264	0.8729147630625771
HNF4A	0.019837184873949584	0.029656359643297322	0.3880506681627678
HNF4G	0.01981004464285714	0.12284075165379058	0.6020499029816521
HNF6	-0.009426785714285717	0.6201359551484575	0.892249553725011
HNRNPA0	-0.0038910714285714312	0.9237907836924191	0.9810856179030516
HNRNPA1	0.030485714285714303	0.5145807405896752	0.8576138461432272
HNRNPC	0.07626785714285714	0.022630304786185964	0.38278332607853577
HNRNPH3	0.03711607142857144	0.5180393410957276	0.8578566098715087
HNRNPLL	-0.030333928571428578	0.33995507651586504	0.806013147226504
HOMEZ	0.004011904761904758	0.7985403155613803	0.9368232914283325
HOXA1	-0.018195833333333345	0.6188822003721638	0.892249553725011
HOXA10	0.020966964285714283	0.050782885430246096	0.48576456615000924
HOXA11	0.013755357142857146	0.5109882553921936	0.8572587366790491
HOXA13	0.01283457792207792	0.06520159316734597	0.5083175513054567
HOXA2	-0.01194955357142858	0.7224876928628204	0.9206897459681164
HOXA3	-0.0031196428571428556	0.7751138763459621	0.9292049689177045
HOXA4	-0.029575892857142863	0.39157579267739107	0.81300080964177
HOXA5	0.025453571428571416	0.2201890562105149	0.6974584948204651
HOXA6	0.03700625	0.13147442933488884	0.6202552159438464
HOXA7	0.005337500000000009	0.7778935924335336	0.9292049689177045
HOXA9	-0.012522023809523823	0.412404646620553	0.8152280451887712
HOXB1	-0.04665892857142857	0.26622997818807054	0.7535938362180691
HOXB13	0.006867678571428582	0.3386086992059749	0.806013147226504
HOXB2	0.017449553571428567	0.3845234595090362	0.81300080964177
HOXB3	0.019091666666666663	0.15628090897376054	0.6482890897747006
HOXB4	-0.029972321428571414	0.42259354036323415	0.8186274308433042
HOXB5	-0.007528214285714275	0.5545539914760088	0.8710831100534815
HOXB6	0.01953125000000001	0.4121083111298959	0.8152280451887712
HOXB7	-0.011588392857142856	0.48385555623981513	0.852300061453452
HOXB8	-0.01185000000000001	0.29614096363086695	0.7694684147644392
HOXB9	0.01368511904761905	0.07036551539340137	0.5083175513054567
HOXC10	0.02645969387755101	0.015859367325893808	0.3283125743435032
HOXC11	0.021953571428571423	0.0655340903615268	0.5083175513054567
HOXC12	0.013937053571428566	0.29562845334952453	0.7694684147644392
HOXC13	0.006937499999999978	0.6095040975798619	0.8852169459091817
HOXC4	0.0036401785714285685	0.8203398988023292	0.9445108945480561
HOXC5	0.010435714285714284	0.4307588536767022	0.8243298290868437
HOXC6	0.016392857142857147	0.19009778478908199	0.6796397813117213
HOXC8	-0.002414285714285716	0.8562980733149009	0.9540282225970912
HOXC9	0.0026937499999999948	0.853572999410496	0.9532252416927198
HOXD1	-0.00556607142857142	0.8330172815302204	0.9486001391481246
HOXD10	0.012594642857142853	0.5132645149390083	0.8576138461432272
HOXD11	0.02106026785714284	0.12454407759010427	0.6039952294317295
HOXD12	0.014582142857142842	0.17474662747955153	0.6622228751752404
HOXD13	0.01582460317460318	0.17672342237192495	0.6642693410023304
HOXD3	-0.0012934523809523743	0.9618624189502664	0.9919865251004686
HOXD4	-0.009939285714285723	0.6501997114400262	0.9109363634013297
HOXD8	0.004797023809523834	0.6914278792632442	0.9175703517906295
HOXD9	0.001450892857142859	0.9524576823155452	0.9888164710865728
HP1BP3	-0.013557142857142851	0.8113694880131692	0.9409443811657741
HSF1	0.01749053571428569	0.015420511400278326	0.3283125743435032
HSF2	0.011827678571428578	0.11994022656277702	0.5994812249237333
HSF4	-0.003120982142857144	0.8798172861803268	0.9661968138813248
HSFY1	-0.010219642857142865	0.7371855840461425	0.9245339907242486
HSFY2	0.009634374999999994	0.5453303560792664	0.8674892484385103
HSPA1L	0.002742857142857144	0.945001613491957	0.9878401568057785
HSPA5	-0.045253571428571435	0.4556327445286563	0.8348251210848696
HTATIP2	0.029489285714285746	0.49400087548641636	0.8564740178745744
HTF4	0.04294821428571429	0.10944387028951814	0.586095166376686
HXA1	-0.013369642857142858	0.4443650553805589	0.8284063599634882
HXA10	0.027273214285714283	0.19431328671790973	0.6796397813117213
HXA11	0.03901607142857143	0.002479725734006154	0.2787808182689477
HXA13	0.012398214285714283	0.5001366676485517	0.8572587366790491
HXA2	0.017721428571428575	0.417858066619611	0.8163198496900672
HXA5	0.018948214285714294	0.3235663349281618	0.795448792449101
HXA7	0.011478571428571435	0.5108213567223594	0.8572587366790491
HXA9	0.029542857142857135	0.16130894200824034	0.6482890897747006
HXB1	-0.04665892857142857	0.26622997818807054	0.7535938362180691
HXB13	0.006505357142857139	0.6990678941159476	0.9198080289753309
HXB2	0.007080357142857142	0.6046021219197638	0.8836492551135009
HXB3	-0.013933928571428583	0.7493942547419141	0.9245339907242486
HXB4	-0.0021214285714285727	0.9582342053478325	0.9918439125503312
HXB6	-0.011942857142857144	0.6575418476320555	0.9117457439128055
HXB7	-0.04006428571428572	0.11972961623980301	0.5994812249237333
HXB8	0.001921428571428567	0.9289135850224272	0.983513849180234
HXC10	-0.016533928571428567	0.44694180383776805	0.8312939823739837
HXC11	0.0026392857142857086	0.8921070683337395	0.9684355261081437
HXC12	0.013157142857142857	0.39187743277522114	0.81300080964177
HXC13	-0.004428571428571431	0.8040436120678643	0.9381246476782713
HXC6	-0.02603214285714285	0.24929401989627117	0.7264092554540507
HXC8	0.008524999999999998	0.7294070564025343	0.9225124878589336
HXC9	0.02955357142857143	0.028494710946880296	0.3880506681627678
HXD10	-0.01197142857142857	0.8041043840983282	0.9381246476782713
HXD11	0.030514285714285713	0.020677208026553956	0.36869026400706745
HXD12	0.02181964285714286	0.13278253683895377	0.6219360486701562
HXD13	0.0004892857142857129	0.9812553449772174	0.9965758283627126
HXD3	-0.03855535714285714	0.40967718684786025	0.8152280451887712
HXD4	0.016091071428571427	0.07625128722776486	0.5370690592309457
HXD8	0.0138625	0.7137580123478726	0.9206897459681164
HXD9	-0.03434464285714286	0.4953199028970051	0.8565052930833101
ID2	-0.0825142857142857	0.2962481135430501	0.7694684147644392
ID4	-0.03125580357142858	0.1931443292220608	0.6796397813117213
IKZF1	0.03374749999999999	0.05067179866423093	0.48576456615000924
IKZF2	0.0041642857142857245	0.8936354772974516	0.9684355261081437
IL24	-0.03541964285714286	0.5456470497808941	0.8674892484385103
ING3	-0.02463035714285715	0.6966928652810034	0.9198080289753309
INSM1	-0.020926339285714267	0.28970178505316746	0.7694684147644392
IRF1	-0.02112321428571428	0.46287667847414327	0.8403271636696816
IRF2	-0.006058214285714313	0.6726755283896865	0.9153261391993897
IRF3	0.020685119047619046	0.06359003606920893	0.5083175513054567
IRF4	-0.00783095238095239	0.7467048548141741	0.9245339907242486
IRF5	0.003195408163265308	0.8882358324151898	0.9677793397956546
IRF6	-0.02623809523809524	0.39758536162909963	0.8152280451887712
IRF7	0.0034199999999999994	0.8465467580925183	0.9526606551594705
IRF8	0.0029926020408163195	0.8967937289339166	0.9690729966362875
IRF9	0.005852678571428564	0.8237556504090646	0.9447972291392466
IRX2	-0.01755357142857143	0.3589154529767041	0.81300080964177
IRX3	0.01716250000000002	0.14134269092926408	0.6345084583204922
IRX4	0.03646964285714285	0.0023975794065598344	0.2787808182689477
IRX5	0.0027562500000000087	0.826159062205938	0.9447972291392466
IRX6	0.03406964285714287	0.001504158685007463	0.2787808182689477
ISL1	0.029818749999999998	0.03211535261667	0.39657859419751135
ISL2	0.01287053571428572	0.4289335138275281	0.8243298290868437
ISX	0.01706875	0.11164380967618162	0.5910303970261982
ITF2	0.019866071428571434	0.3699946318379089	0.81300080964177
IVD	0.03512142857142857	0.07007181379520715	0.5083175513054567
JDP2	-0.024607280219780238	0.37776031793463294	0.81300080964177
JUN	-0.018235019841269854	0.37264492749203104	0.81300080964177
JUNB	-0.014051666666666657	0.3217969006423551	0.795448792449101
JUND	-0.012424149659863937	0.5407720146709034	0.8674892484385103
KAISO	0.01293749999999999	0.4389146566174149	0.8260623554445302
KCNIP1	0.01068928571428572	0.7209086718233326	0.9206897459681164
KDM5A	0.013926785714285721	0.14431641432194361	0.6419380462945672
KDM5D	0.025842857142857143	0.44771204385967256	0.8312939823739837
KIAA0907	0.027167857142857146	0.6754917823067197	0.9153261391993897
KIF22	-0.10948214285714286	0.36039596776452715	0.81300080964177
KLF1	-0.010920408163265293	0.5038078016224508	0.8572587366790491
KLF10	0.021643750000000007	0.15874485431425814	0.6482890897747006
KLF11	0.020392857142857143	0.23250980290771625	0.7087716409516538
KLF12	0.017905357142857143	0.3487588377503804	0.81300080964177
KLF13	0.01036517857142857	0.4366590276480191	0.8260623554445302
KLF14	0.008566071428571416	0.6251459160202331	0.8948167033230787
KLF15	0.011167091836734696	0.5204029828169086	0.8603086259440431
KLF16	0.027402083333333323	0.001927036947125884	0.2787808182689477
KLF17	0.006850000000000002	0.583595759118714	0.8806266448765313
KLF2	0.012439285714285708	0.4781445178535615	0.8472181535345288
KLF3	0.0154345238095238	0.10263642149429307	0.5704435789162827
KLF4	0.03561899350649351	0.06867971990470084	0.5083175513054567
KLF5	0.0192875	0.3148275633584242	0.7924969698332748
KLF6	0.001947857142857147	0.8861590728874906	0.9669894533840392
KLF7	-0.004814285714285722	0.7844982109608017	0.9292049689177045
KLF8	-0.005901785714285714	0.7831650239316044	0.9292049689177045
KLF9	0.029525510204081666	0.0055397566003271	0.3094578974378646
LARP1	0.0598	0.03401026522455353	0.39657859419751135
LARP4	0.03024821428571428	0.4195757892448123	0.8184973553903723
LAS1L	0.06669464285714286	0.09130290263335566	0.5628316708998414
LBX1	-0.02174107142857143	0.2209392981031561	0.6974584948204651
LBX2	0.0052646428571428705	0.531474288562086	0.8652052091967293
LEF1	0.04892351190476192	0.047159134944084656	0.48072512867192985
LHX1	0.01536875	0.38034951852430676	0.81300080964177
LHX2	-0.021032142857142846	0.306898474883933	0.7767667603357941
LHX3	0.0027477678571428722	0.8352264190536915	0.9503355563802052
LHX4	-0.0008559523809523809	0.9670574980286819	0.995036164514675
LHX5	0.009042857142857148	0.5358119130330827	0.8674892484385103
LHX6	0.018488169642857148	0.3887287464417368	0.81300080964177
LHX8	-0.014824107142857125	0.5339283160959882	0.8671277723200109
LHX9	0.00942916666666668	0.507304797780994	0.8572587366790491
LINC00471	-0.043828571428571425	0.39396185365464464	0.81300080964177
LMX1A	0.01937678571428572	0.028510679168064282	0.3880506681627678
LMX1B	0.01382031249999999	0.23415431223319966	0.7097147715539948
LRRFIP1	-0.03830892857142858	0.3429798812159571	0.8067608378719723
LSM6	-0.046394642857142857	0.5043531432281128	0.8572587366790491
LUZP1	-0.023285714285714285	0.5926935773543156	0.8806266448765313
LUZP2	-0.0796267857142857	0.2197116690079975	0.6974584948204651
LYL1	0.026996428571428567	0.03401764503044021	0.39657859419751135
MAF	-0.010100510204081654	0.7049429955304807	0.9198080289753309
MAFA	-0.0006718749999999711	0.9546354773319075	0.9888569134125136
MAFB	-0.03234892857142857	0.5607166497162432	0.8729147630625771
MAFF	-0.01622455357142856	0.609475685451398	0.8852169459091817
MAFG	-0.02867946428571426	0.24608518216654057	0.7200846997151725
MAFK	-0.02100275297619049	0.5070720182784008	0.8572587366790491
MAGEA8	-0.027953571428571425	0.6413876080116437	0.905911010501171
MAGED4B	-0.04157857142857143	0.5711787266992896	0.8773399954251762
MAGEF1	0.028103571428571426	0.012967198344305157	0.3242627059620669
MAGOH	-0.025794642857142856	0.4484375130160869	0.8315278483333056
MAP4K2	0.016139285714285717	0.6651691919784638	0.9145293797642401
MAPK1	-0.0061857142857142805	0.9424910199663101	0.9873376470492993
MAX	0.00010068027210884123	0.992812818678301	0.9985724289389437
MAZ	0.012950297619047611	0.2043787314862533	0.686376030439306
MBD2	-0.02229375	0.5614797847861399	0.8729147630625771
MBTPS2	0.04911071428571428	0.018861031762707536	0.3558281097987277
MCR	0.04845178571428571	0.0014074008399599623	0.2787808182689477
MCTP2	0.054821428571428577	0.24135571497012867	0.712256120560784
MDM2	0.08090178571428572	0.05190490486485014	0.4864331286996429
MECOM	-0.017203571428571436	0.41521380324415713	0.8152280451887712
MECP2	-0.0038994047619047775	0.8845840067119872	0.9662920331856626
MED30	-0.003376785714285714	0.9451679149474144	0.9878401568057785
MEF2A	-0.01702743506493508	0.4308861759826689	0.8243298290868437
MEF2B	0.01205863095238096	0.1700420945824495	0.6622228751752404
MEF2BNB-MEF2B	0.012392857142857143	0.7157846449572682	0.9206897459681164
MEF2C	-0.01562857142857143	0.49587148546928483	0.8565052930833101
MEF2D	-0.017123511904761912	0.4575887145161037	0.8361996667112461
MEIS1	-0.021399464285714306	0.5387695730328712	0.8674892484385103
MEIS2	-0.027228392857142868	0.41463290933556496	0.8152280451887712
MEIS3	-0.06428660714285714	0.11209964725184736	0.5911871130734307
MEOX1	-0.027385714285714288	0.5087278745818524	0.8572587366790491
MEOX2	-0.023734821428571428	0.43070179735195013	0.8243298290868437
MESP1	0.005773214285714284	0.7776515221015827	0.9292049689177045
METTL21B	0.0984	0.024520019615788216	0.38387959181994413
MEX3C	-0.04165892857142857	0.33735861207898116	0.805363846735881
MGA	-0.010206607142857142	0.6219098772582028	0.8929492751108978
MGAP	0.005124999999999991	0.723345274720734	0.9206897459681164
MITF	-0.004850992063492057	0.7182103589174363	0.9206897459681164
MIXL1	0.03601830357142857	0.00963963637489919	0.3242627059620669
MLX	-0.0014520089285714015	0.9160378050277503	0.9773418735180691
MLXIPL	-0.005203571428571422	0.709818288120871	0.9206897459681164
MLXPL	0.006060714285714284	0.6760405247571203	0.9153261391993897
MNT	0.011621726190476203	0.07981008390969677	0.5373620698191719
MNX1	0.0038650000000000073	0.7474675752181529	0.9245339907242486
MORN1	-0.0500857142857143	0.5140644402679017	0.8576138461432272
MRPL1	0.03904464285714286	0.300138929554945	0.7714515285534598
MRPL2	0.0038107142857142853	0.884694397574541	0.9662920331856626
MRPS25	0.02306428571428572	0.3812284904111063	0.81300080964177
MSANTD3	-0.010925000000000004	0.7039966186906661	0.9198080289753309
MSC	-0.006407142857142861	0.8201189680370393	0.9445108945480561
MSGN1	0.03482083333333334	0.13565026484526344	0.6224575424809395
MSI1	-0.020917857142857144	0.5509003024708391	0.8676548656576705
MSI2	0.012869642857142857	0.5360310791017012	0.8674892484385103
MSRA	-0.0509982142857143	0.388285916081891	0.81300080964177
MSRB3	-0.008662499999999997	0.7756358040145531	0.9292049689177045
MSX1	0.01270382653061223	0.3940648981999916	0.81300080964177
MSX2	0.01528422619047616	0.2407790254540042	0.712256120560784
MTA3	-0.011117857142857138	0.7224472528407864	0.9206897459681164
MTF1	-0.01892589285714287	0.3370456392928552	0.805363846735881
MTHFD1	-0.049380357142857136	0.45494927841182553	0.8346754618481509
MXD4	-0.05519821428571429	0.3503278908788049	0.81300080964177
MXI1	0.005225148809523829	0.5016597412087547	0.8572587366790491
MYB	0.018445408163265314	0.058353773152205766	0.5083175513054567
MYBA	0.003996428571428574	0.8043516115198631	0.9381246476782713
MYBB	0.0451125	0.0528042204542527	0.4915399581882449
MYBL1	-0.002950297619047637	0.8840770629351348	0.9662920331856626
MYBL2	-0.0043370535714285854	0.8182459548343631	0.9445108945480561
MYC	-0.007714668367346959	0.5126551605732925	0.8576138461432272
MYCN	-0.012273611111111108	0.4845685826083025	0.852300061453452
MYEF2	0.013651785714285714	0.8057700813606737	0.9381246476782713
MYF5	0.02994642857142856	0.30487897559743243	0.7744819398418293
MYF6	0.003758673469387762	0.8228723368696071	0.9447972291392466
MYLK	0.0028714285714285664	0.9611198061874293	0.9919865251004686
MYNN	0.016099999999999996	0.3911815475573346	0.81300080964177
MYOD1	0.02199166666666666	0.20609594746431495	0.688807419597602
MYOG	0.029804241071428567	0.2387170694135517	0.712256120560784
MZF1	-0.016811607142857142	0.5905310221720375	0.8806266448765313
NANOG	0.01361904761904761	0.14195669314682002	0.635141720627869
NANOS1	0.07088571428571427	0.06250038800121713	0.5083175513054567
NAP1L1	-0.06515357142857142	0.507306304237912	0.8572587366790491
NCALD	0.005223214285714289	0.9073572443181783	0.974056346138746
NCBP2	0.047039285714285714	0.07960766100913773	0.5373620698191719
NDF1	0.01718928571428572	0.38018032199285445	0.81300080964177
NDF2	0.040810714285714284	0.0830855284230017	0.5435831505787895
NELFA	0.043208928571428565	0.34247073300757325	0.8067608378719723
NELFB	-0.009551785714285707	0.8517141643573526	0.9531842159760594
NEUROD1	0.016710357142857138	0.20406202698634598	0.686376030439306
NEUROD2	-0.002529285714285713	0.8896915511784119	0.9684355261081437
NEUROG1	0.013516071428571426	0.5259864482262786	0.8633647380944951
NEUROG2	0.031974188311688294	0.03590515999315065	0.40133192046103
NF2L1	-0.10754821428571427	0.23527693438107677	0.7097147715539948
NF2L2	0.01279821428571428	0.4784927797682389	0.8472181535345288
NFAC1	0.01644196428571429	0.4042989745336608	0.8152280451887712
NFAC2	0.0042464285714285815	0.9037439231699117	0.9739648962211869
NFAC3	0.009925000000000003	0.754558383201045	0.9245339907242486
NFAC4	-0.001475000000000004	0.9785966710321199	0.9965758283627126
NFAT5	-0.007913095238095226	0.7597589334598532	0.9251849347750802
NFATC1	0.02667589285714284	0.19667891568290102	0.680748914346813
NFATC2	0.059364732142857146	0.04574637477126892	0.4735091179682836
NFATC3	0.01582991071428571	0.5787430440784906	0.8781092762781706
NFATC4	0.0028339285714285775	0.937307653899393	0.985629807398376
NFE2	-0.019797857142857162	0.5974547028325998	0.8806266448765313
NFE2L1	-0.08051249999999999	0.30801577399139773	0.7781746421239867
NFE2L2	-0.04654857142857143	0.32402924854631726	0.795448792449101
NFIA	-0.027160937499999992	0.20214889377607398	0.686376030439306
NFIB	-0.0014885204081632707	0.9069699426467296	0.974056346138746
NFIC	-0.0025510416666666737	0.8071178901050631	0.9383675721506475
NFIL3	0.01673635204081631	0.2941478272043299	0.7694684147644392
NFIX	0.0074229166666666575	0.4706834937041602	0.8462601985301093
NFKB1	0.02103511904761906	0.035281028393160545	0.3978437917179974
NFKB2	0.02727589285714284	0.03763051269417282	0.4120463020258755
NFYA	-0.02962976190476189	0.26338405569941353	0.7501307705443256
NFYB	-0.04265424107142858	0.3062376294792188	0.7765111372718034
NFYC	-0.011724642857142854	0.5737035757648787	0.8773399954251762
NGN2	0.03974107142857144	0.06734203651424919	0.5083175513054567
NHLH1	0.02519301948051948	0.16684150692566654	0.6601681495574776
NHLH2	0.03093928571428571	0.06713315120073665	0.5083175513054567
NKX1-1	0.01889107142857143	0.04394507708371878	0.4652810833215111
NKX1-2	0.009323214285714282	0.48750409054648813	0.8526710890138449
NKX2-1	0.04323392857142856	0.1289272003186463	0.6140148704241055
NKX2-2	0.01646294642857144	0.12434370303970159	0.6039952294317295
NKX2-3	0.017868214285714272	0.37031315500052664	0.81300080964177
NKX2-4	0.0033267857142857335	0.8584091755908074	0.9540282225970912
NKX2-5	0.007471651785714274	0.7344159312490535	0.9245339907242486
NKX2-6	-0.017528571428571428	0.28521079371196256	0.7694684147644392
NKX2-8	-0.019611160714285744	0.5687768084226197	0.8755753976494711
NKX21	0.012000000000000004	0.7092046191655902	0.9206897459681164
NKX22	0.061671428571428565	0.1658721686303065	0.6601681495574776
NKX23	0.019187500000000003	0.21383083226370928	0.6974584948204651
NKX25	0.032644642857142844	0.38590308826962727	0.81300080964177
NKX28	-0.028353571428571426	0.49360745632420533	0.8564740178745744
NKX3-1	0.023468571428571432	0.12506985545144472	0.6044316707705709
NKX3-2	0.03391321428571428	0.13642905040678127	0.6224575424809395
NKX31	0.027451785714285703	0.30181624914277505	0.7719357441199548
NKX32	0.02023928571428571	0.33376496697456526	0.8038159045475219
NKX6-1	0.017179761904761892	0.06982649867533522	0.5083175513054567
NKX6-2	-0.005261160714285715	0.8314677106074251	0.9479917484892609
NKX6-3	-0.023068750000000006	0.3897341261965679	0.81300080964177
NKX61	-0.04093392857142858	0.4566185405189821	0.8355275932715411
NKX62	0.024289285714285715	0.06604010014994413	0.5083175513054567
NME1	0.020216071428571427	0.3522349556524198	0.81300080964177
NMI	0.03959285714285714	0.2512414208203619	0.7274986444213819
NMRAL1	-0.01583571428571428	0.7335387276555947	0.9245339907242486
NNT	0.0034500000000000086	0.9615209331920338	0.9919865251004686
NOBOX	-0.004363392857142861	0.6810195458371104	0.9153261391993897
NOC2L	0.02100178571428571	0.73493799189012	0.9245339907242486
NONO	0.04583392857142858	0.21998461766342156	0.6974584948204651
NOTO	0.022081249999999997	0.01202649013895648	0.3242627059620669
NR0B1	-0.014412499999999995	0.7554526431167295	0.9248127237448401
NR1D1	0.004242261904761888	0.5960597587091641	0.8806266448765313
NR1D2	-0.011975892857142848	0.2812048633479026	0.7694684147644392
NR1H2	-0.051856696428571415	0.2785920382413222	0.7694684147644392
NR1H3	0.015583928571428596	0.3363914074071426	0.805363846735881
NR1H4	-0.0028892857142857158	0.8155199827467385	0.9445108945480561
NR1I2	0.0017888392857142998	0.9170915832103078	0.9777140860205203
NR1I3	-0.0060531249999999995	0.6607057240678422	0.9121702476775824
NR2C1	0.0024314285714285774	0.8636113719485226	0.9567324064637387
NR2C2	0.006839880952380938	0.5471727121314985	0.8674892484385103
NR2E1	0.006205803571428581	0.7760654079163043	0.9292049689177045
NR2E3	0.012132142857142852	0.2210136643916593	0.6974584948204651
NR2F1	0.014380580357142864	0.21844326456734875	0.6974584948204651
NR2F2	0.00947901785714287	0.2990908955655929	0.7714515285534598
NR2F6	-0.004006547619047587	0.7945939981303378	0.9368232914283325
NR3C1	0.017079761904761896	0.00456762216219021	0.3094578974378646
NR3C2	0.010292261904761887	0.5458587389608396	0.8674892484385103
NR4A1	0.01294583333333335	0.21257294122832635	0.6974584948204651
NR4A2	0.014562499999999989	0.35892904432220585	0.81300080964177
NR4A3	-0.016537500000000004	0.576263307826402	0.877362467568847
NR5A1	0.019007142857142858	0.23816042733407428	0.712256120560784
NR5A2	0.0338	0.09984736905836179	0.5704435789162827
NR6A1	-0.009834999999999997	0.4357203181995135	0.8260623554445302
NRF1	0.0028232142857143074	0.7520289265829335	0.9245339907242486
NRL	-0.018096428571428576	0.5792862204719006	0.8781092762781706
NUCB1	0.006623214285714281	0.8489463372581871	0.9526606551594705
NUP107	0.027501785714285718	0.023619189680060826	0.38387959181994413
NUP133	0.026958928571428568	0.15635208723523158	0.6482890897747006
NXPH3	-0.02711071428571428	0.6709262791874082	0.9153261391993897
OCT-1	0.010571428571428579	0.48483399314114906	0.852300061453452
ODC1	-0.04920000000000001	0.46983159415207476	0.8462601985301093
OLIG1	0.01968035714285713	0.07822632353364499	0.5370690592309457
OLIG2	0.017584374999999992	0.0649559005020084	0.5083175513054567
OLIG3	-0.0034883928571428427	0.8507863625023013	0.9531831056467626
ONEC2	-0.0016035714285714264	0.9184442271980747	0.9781076326596937
ONEC3	-0.012282142857142846	0.7475813587927621	0.9245339907242486
ONECUT1	-0.006625992063492053	0.49097876300338716	0.8564740178745744
ONECUT2	0.00021183035714285314	0.982045577472611	0.9965758283627126
ONECUT3	-0.010152380952380961	0.5577435371630158	0.8729147630625771
OSR1	-0.0004379464285714195	0.9728442706741229	0.9965758283627126
OSR2	0.023692500000000005	0.3741488557624405	0.81300080964177
OTP	-0.0015428571428571444	0.9113733043175423	0.975366337259592
OTUD4	0.0439125	0.2796110440851666	0.7694684147644392
OTX1	0.018233214285714266	0.2706289803057178	0.7583078700687487
OTX2	0.0467082142857143	0.06459329178577924	0.5083175513054567
OVOL1	-0.04842785714285713	0.4404599179872698	0.8260623554445302
OVOL2	-0.03760758928571428	0.44072006085475346	0.8260623554445302
OZF	-0.009037500000000004	0.3694437980221039	0.81300080964177
P4HB	-0.008862499999999999	0.7955153498275708	0.9368232914283325
P53	-0.009154464285714294	0.5755941413209791	0.877362467568847
P5F1B	0.020551785714285724	0.12148084107910267	0.5997556807465649
P63	-0.0005205357142856956	0.9746969008812103	0.9965758283627126
P73	-0.003735714285714266	0.8262718377403793	0.9447972291392466
PATZ1	0.0035441964285714417	0.798352810577512	0.9368232914283325
PAX1	-0.042476339285714294	0.04916008340174782	0.48358181332073924
PAX2	-0.07316964285714286	0.059301746885953716	0.5083175513054567
PAX3	-0.025227678571428568	0.28200700119199795	0.7694684147644392
PAX4	0.026062857142857148	0.010869158879866368	0.3242627059620669
PAX5	-0.013260912698412688	0.15619817709089773	0.6482890897747006
PAX6	-0.04044107142857144	0.08306622531246854	0.5435831505787895
PAX7	0.01140178571428569	0.20702745685494	0.6893684317921907
PAX8	-0.014490178571428595	0.36818131369780854	0.81300080964177
PAX9	-0.046573214285714266	0.014767328844568982	0.3283125743435032
PAXIP1	0.03809107142857143	0.08961937195567334	0.5599192292906258
PBX1	-0.031721428571428574	0.28702133122217616	0.7694684147644392
PBX2	0.010694196428571445	0.773533194414634	0.9292049689177045
PBX3	-0.010392857142857134	0.7142245232820035	0.9206897459681164
PCK2	-0.08207500000000001	0.417051659060364	0.8163198496900672
PDCD11	0.024814285714285712	0.10525855349981798	0.5733044269962118
PDE6H	-0.016887500000000003	0.7034896808333366	0.9198080289753309
PDLIM5	-0.001533928571428575	0.9827561915305526	0.9965758283627126
PDS5A	-0.01448571428571429	0.7128231723747253	0.9206897459681164
PDX1	0.008738169642857136	0.5873375912306471	0.8806266448765313
PEBB	-0.02093749999999999	0.5741384079230825	0.8773399954251762
PGAM2	0.01166428571428571	0.7665808099101159	0.9292049689177045
PGR	0.018707142857142853	0.545787664882269	0.8674892484385103
PHLDA2	-0.05709107142857142	0.4050434286933364	0.8152280451887712
PHOX2A	0.008471130952380945	0.5066339333356564	0.8572587366790491
PHOX2B	0.00022477678571430557	0.9893306388824532	0.9984068465767499
PHTF1	0.05982857142857142	0.09117438564875574	0.5628316708998414
PHX2A	0.026751785714285707	0.07012094188168844	0.5083175513054567
PHX2B	0.02060535714285714	0.20157316526401842	0.686376030439306
PICK1	0.01663392857142857	0.6059010549142001	0.8836853450746536
PIK3C3	0.03333214285714285	0.5488197765367451	0.8674892484385103
PIR	-0.006205357142857151	0.8693276568296914	0.959997977725145
PIT1	0.018957142857142853	0.21524421412219027	0.6974584948204651
PITX1	0.035973015873015865	0.0481764909051177	0.48072512867192985
PITX2	0.04957410714285715	0.007139710810113919	0.32219334946815276
PITX3	0.04591964285714287	0.023802289244688114	0.38387959181994413
PKM	0.0038107142857142853	0.948686233339474	0.9878401568057785
PKNOX1	-0.034204910714285705	0.3033650832171094	0.7720502209580381
PKNOX2	-0.043215624999999994	0.13618309872712756	0.6224575424809395
PKNX1	-0.0026267857142857134	0.9219787465239495	0.9801062606146368
PLAG1	0.02515249999999998	0.11861299335997182	0.5994812249237333
PLAGL1	0.020592857142857145	0.3021417676542365	0.7719357441199548
PLAGL2	-0.009555357142857136	0.7373919215826892	0.9245339907242486
PLAL1	-0.02442321428571429	0.5463759091041697	0.8674892484385103
PLG	-0.018144642857142852	0.6605956531923285	0.9121702476775824
PML	0.00359642857142857	0.7754079302895617	0.9292049689177045
PO2F1	-0.003419642857142864	0.8633656609191176	0.9567324064637387
PO2F2	-0.0019410714285714378	0.95243011380139	0.9888164710865728
PO2F3	-0.04889821428571428	0.1756862738308136	0.6639696506902956
PO3F1	0.005423214285714281	0.7462400210440081	0.9245339907242486
PO3F2	-0.009469642857142843	0.6012800577754296	0.8806498839857665
PO3F3	-0.01980535714285714	0.29927650829414476	0.7714515285534598
PO3F4	-0.009532142857142864	0.7045809367447706	0.9198080289753309
PO4F1	0.043244642857142856	0.02445354347088519	0.38387959181994413
PO4F2	0.021083928571428562	0.1805749867501602	0.6724737641255906
PO4F3	0.004273214285714297	0.8458373773280078	0.9526606551594705
PO5F1	0.018163392857142857	0.1861560256578583	0.678971007202814
PO6F1	0.03393214285714285	0.12820977143050472	0.6140148704241055
PO6F2	-0.0023696428571428688	0.9485097272428117	0.9878401568057785
POLE3	-0.17825892857142858	0.13225493241346956	0.6218223432457026
POLI	0.02247321428571429	0.7422616079244722	0.9245339907242486
POU1F1	0.01468571428571426	0.2525492074842476	0.7282448041177784
POU2F1	-0.020002678571428588	0.5049289699295512	0.8572587366790491
POU2F2	0.013168367346938784	0.4423547230046002	0.8260623554445302
POU2F3	0.02745825892857141	0.006247167359956892	0.3094578974378646
POU3F1	0.010604761904761902	0.43712734005114384	0.8260623554445302
POU3F2	0.019086479591836743	0.1054020395703201	0.5733044269962118
POU3F3	0.01502107142857144	0.35771003481175145	0.81300080964177
POU3F4	0.03339776785714285	0.10442270381682785	0.5724675501736768
POU4F1	0.03793095238095239	0.08920974456087279	0.5599192292906258
POU4F2	0.006626785714285717	0.6609452767959411	0.9121702476775824
POU4F3	0.022786160714285728	0.28456670427145925	0.7694684147644392
POU5F1	-0.05043750000000002	0.3851046139167236	0.81300080964177
POU5F1B	0.00471964285714286	0.884780736947218	0.9662920331856626
POU5F1P1	0.019529464285714268	0.32082015635146116	0.795448792449101
POU6F1	-0.02360059523809526	0.45287993304106344	0.8330828476498078
POU6F2	0.0015824999999999936	0.9522757792980591	0.9888164710865728
PPARA	0.02438571428571425	0.01230725282507009	0.3242627059620669
PPARD	-0.0027150000000000195	0.8486714503001827	0.9526606551594705
PPARG	0.015796726190476198	0.021827111897469675	0.3759028528001924
PPP1R10	-0.046950000000000006	0.3323796735574753	0.8038159045475219
PPP2R3B	0.006166071428571434	0.8601852125723112	0.9552256924241758
PPP5C	-0.018858928571428575	0.29520239957038885	0.7694684147644392
PQBP1	0.02903214285714286	0.09336952611283117	0.5699596205246014
PRD14	-0.013455357142857144	0.46647550584135344	0.8424499044296319
PRDM1	-0.019657440476190474	0.6742925606554164	0.9153261391993897
PRDM14	0.005151785714285713	0.9137914371395899	0.9765317940681392
PRDM4	-0.04357433035714286	0.46644071169013623	0.8424499044296319
PRDM6	-0.00738035714285714	0.753872974649228	0.9245339907242486
PRDM9	0.005921428571428564	0.7448711470811864	0.9245339907242486
PRDX5	-0.055048214285714284	0.3189992779677531	0.7951214013814911
PRGR	0.013307142857142858	0.4861552127576724	0.8524617953159185
PRKRIR	-0.02905	0.5004697437946001	0.8572587366790491
PRNP	-0.05126428571428571	0.3837303387265394	0.81300080964177
PROP1	-0.015828571428571414	0.7591552694289408	0.9251849347750802
PROX1	-0.011898809523809534	0.4413290947564329	0.8260623554445302
PRRX1	0.015051020408163265	0.34332934239228696	0.8067608378719723
PRRX2	0.030539732142857136	0.07312377021488588	0.5255060584872887
PSMA6	0.03434642857142857	0.03146948019380348	0.39657859419751135
PSMC2	-0.04423571428571428	0.24498867159241286	0.718841128446548
PTCD1	0.029999999999999985	0.42782895656005326	0.8243298290868437
PTF1A	0.027664464285714313	0.1907041624134942	0.6796397813117213
PTPMT1	0.09581071428571428	0.06097027480559961	0.5083175513054567
PURA	0.01331964285714286	0.27561592711428623	0.76455858181503
PURG	-0.012728571428571428	0.6265397468355094	0.8949646023283744
R3HDM2	-0.020669642857142845	0.8212546062184252	0.9445108945480561
RAB14	-0.0935589285714286	0.38456560359751923	0.81300080964177
RAB18	-0.037676785714285704	0.6946486041350672	0.9193488682589106
RAB2A	0.0661125	0.09603304478926508	0.5704435789162827
RAB7A	0.013467857142857143	0.8918311480523887	0.9684355261081437
RAD21	-0.006780357142857137	0.6831499299869279	0.9153261391993897
RAN	-0.09834464285714287	0.12416531911040062	0.6039952294317295
RARA	-0.002097373949579838	0.7571936585912559	0.9251574038353113
RARB	-0.0001416666666666927	0.9816159389619049	0.9965758283627126
RARG	-0.002089136904761906	0.8167613248540719	0.9445108945480561
RAX	0.021849999999999994	0.015509551938879127	0.3283125743435032
RAX2	0.02219285714285716	0.06646323052747229	0.5083175513054567
RAXL1	0.03599464285714286	0.029530332100928064	0.3880506681627678
RBBP5	-0.09242857142857142	0.4223655569506941	0.8186274308433042
RBBP9	-0.11424464285714285	0.2567820705163231	0.7373845379009114
RBFOX2	-0.04310000000000001	0.6290223062322268	0.8966638630463499
RBM17	-0.00999821428571429	0.8846850827415239	0.9662920331856626
RBM22	0.04850178571428572	0.06519360947344965	0.5083175513054567
RBM3	0.023125000000000003	0.07899213272034096	0.5370690592309457
RBM42	0.057819642857142854	0.02857779246069227	0.3880506681627678
RBM7	0.04655714285714286	0.16099231620753798	0.6482890897747006
RBM8A	0.05477142857142856	0.1555978554588089	0.6482890897747006
RBMS1	0.01209642857142857	0.7476768793957645	0.9245339907242486
RBPJ	0.02993571428571429	0.195512813802002	0.6796397813117213
RCOR1	0.01902142857142857	0.46285148371855334	0.8403271636696816
REL	0.024373571428571418	0.3951247873558431	0.8131128784310897
RELA	0.002608482142857145	0.8527084761853658	0.9531842159760594
RELB	-0.0094307142857143	0.7110381003427452	0.9206897459681164
REST	0.005438095238095238	0.4935449036431663	0.8564740178745744
RFC2	0.08064642857142856	0.03516786105033774	0.3978437917179974
RFC3	0.010601785714285716	0.8436518684840056	0.9526606551594705
RFX1	-0.0209512987012987	0.6194569174961321	0.892249553725011
RFX2	-0.01693412698412697	0.3669124601085133	0.81300080964177
RFX3	-0.01929489795918367	0.48367964773445005	0.852300061453452
RFX4	-0.010896683673469382	0.27061625355143654	0.7583078700687487
RFX5	-0.013411428571428578	0.3178380256742813	0.7951214013814911
RFX7	-0.031237500000000015	0.4155488305324162	0.8152280451887712
RFXANK	0.04046964285714286	0.08950230587854555	0.5599192292906258
RHOXF1	0.05382767857142855	0.015558441645891019	0.3283125743435032
RHOXF2	-0.005980357142857141	0.6626362461749402	0.913594904020519
RHXF1	0.036008928571428574	0.18603256459366874	0.678971007202814
RIOK2	0.09737321428571429	0.025248875446099224	0.3880506681627678
RNASEH2C	0.0658892857142857	0.012457547074598535	0.3242627059620669
RNF114	0.02063392857142858	0.47227255452975714	0.8462601985301093
RNF138	0.024328571428571425	0.20177422620283036	0.686376030439306
RORA	0.005076562499999975	0.44100980470816953	0.8260623554445302
RORB	0.02488035714285712	0.5069322310360598	0.8572587366790491
RORC	-0.025230357142857103	0.19417783724168622	0.6796397813117213
RORG	-0.03479821428571428	0.06655769956101283	0.5083175513054567
RPL35	-0.023760714285714284	0.5930911940081398	0.8806266448765313
RPL6	0.07474642857142856	0.004929026886734193	0.3094578974378646
RPP25	0.023312500000000014	0.5670330828134073	0.8752382798564811
RPS10	0.05315178571428571	0.08564298294697213	0.5516710685957973
RPS4X	0.010807142857142862	0.8208788601068158	0.9445108945480561
RPS6KA5	-0.11370714285714287	0.2976429980859702	0.7702067879575386
RREB1	0.010674999999999997	0.5337935074055524	0.8671277723200109
RUFY3	0.05982857142857142	0.09117438564875574	0.5628316708998414
RUNX1	-0.01584928571428572	0.7884894722942578	0.9315459097718362
RUNX2	-0.03487996031746034	0.47665836191341804	0.8472181535345288
RUNX3	-0.04325342261904762	0.4152073672281261	0.8152280451887712
RUVBL1	0.011348214285714288	0.5281903557284389	0.864776884112075
RX	0.02755357142857143	0.02839761381244047	0.3880506681627678
RXRA	0.011788571428571452	0.07034765893989392	0.5083175513054567
RXRB	-0.006104846938775502	0.5590412255876533	0.8729147630625771
RXRG	-0.0033696428571428454	0.7858870160059762	0.9300557092152637
SALL4	0.020183928571428568	0.4077050682406208	0.8152280451887712
SATB1	0.027371428571428574	0.0284473379848024	0.3880506681627678
SCAND2P	0.05943749999999999	0.1218461802259565	0.5997556807465649
SCMH1	0.0547857142857143	0.07812017746888025	0.5370690592309457
SCRT1	0.02212817460317458	0.013596517740561904	0.3242627059620669
SCRT2	0.014507142857142859	0.06456013363775262	0.5083175513054567
SEMA4A	-0.020433928571428575	0.6983548586437501	0.9198080289753309
SF1	0.023616071428571417	0.8317995370666407	0.9479917484892609
SF3B1	-0.04575535714285714	0.26901507123735424	0.7583078700687487
SFT2D1	0.07229999999999999	0.021277983409458072	0.37357674669516894
SHOX	0.019242410714285705	0.167499271643881	0.6601681495574776
SHOX2	0.010748809523809511	0.37383523168936506	0.81300080964177
SIN3A	-0.0015196428571428514	0.9340474786005402	0.9851892416874138
SIX1	-0.029570833333333324	0.1740859560493174	0.6622228751752404
SIX2	-0.05864214285714285	0.10232597082626817	0.5704435789162827
SIX3	-0.049898214285714275	0.11568638120406728	0.598720189291199
SIX4	-0.06273392857142858	0.12746965183149797	0.6138903023968323
SIX5	-0.02349642857142858	0.11055064840673022	0.5894662830757508
SIX6	-0.01291607142857143	0.47240693387277577	0.8462601985301093
SLC18A1	0.014599999999999988	0.7741661825608182	0.9292049689177045
SMAD1	-0.014384821428571434	0.45283490988260333	0.8330828476498078
SMAD2	-7.142857142865278e-06	0.9996760615356188	0.9998807679962859
SMAD3	0.0029020408163265496	0.6836437266169566	0.9153261391993897
SMAD4	-0.015108928571428582	0.231045724434401	0.708255120682431
SMAD5	0.006551785714285708	0.5430232680001191	0.8674892484385103
SMAP2	-0.04357857142857142	0.43864981698189476	0.8260623554445302
SMARCC1	-0.026616071428571426	0.49710485614116984	0.8572587366790491
SMARCC2	0.018085714285714285	0.08121977591955247	0.539003967466121
SMC3	-0.004698214285714278	0.7617833661496672	0.9261086478372882
SMCA1	0.011992857142857138	0.6783467368035794	0.9153261391993897
SMCA5	0.023967857142857138	0.008379227582444167	0.3242627059620669
SMCR7L	0.039248214285714275	0.31200889596523385	0.7868297067341443
SMPX	0.025728571428571434	0.4896710922494204	0.8553826258815442
SMUG1	-0.0038196428571428617	0.9411071185621003	0.9868432872704964
SNAI1	0.011346428571428578	0.09932360863532241	0.5704435789162827
SNAI2	-0.005750992063492059	0.5095943329570254	0.8572587366790491
SNAI3	-0.020796428571428573	0.2934729309421251	0.7694684147644392
SNAPC4	0.04190535714285714	0.28846752953794047	0.7694684147644392
SNAPC5	-0.044666071428571444	0.4401112300249884	0.8260623554445302
SND1	-0.06825892857142857	0.36897013666933365	0.81300080964177
SNRNP70	0.03394642857142857	0.35860093688733796	0.81300080964177
SNRPB2	-0.08644464285714286	0.0892980680569758	0.5599192292906258
SOCS4	-7.142857142844461e-06	0.9998807679962859	0.9998807679962859
SOD1	0.022616071428571444	0.7118283039810761	0.9206897459681164
SOHLH2	0.003569642857142858	0.7211894289767187	0.9206897459681164
SOX1	-0.006766964285714286	0.6529076806195413	0.911428078857207
SOX10	0.011804613095238062	0.20013539988545054	0.686376030439306
SOX11	0.018828571428571417	0.0937966369997833	0.5699596205246014
SOX12	0.00871964285714287	0.6511988100092041	0.9114154888827105
SOX13	0.01079374999999999	0.4374944864401089	0.8260623554445302
SOX14	0.009820833333333338	0.3363437712372125	0.805363846735881
SOX15	0.026613392857142874	0.009583964943626736	0.3242627059620669
SOX17	0.05773184523809523	0.011154018679415385	0.3242627059620669
SOX18	0.003364030612244908	0.7329896827377609	0.9245339907242486
SOX2	0.012422193877551016	0.18579122578718096	0.678971007202814
SOX21	0.00708010204081632	0.5732240537153362	0.8773399954251762
SOX3	0.017530357142857125	0.10058336074398451	0.5704435789162827
SOX30	0.017253571428571417	0.21831672815699057	0.6974584948204651
SOX4	0.012633035714285725	0.26262149631583503	0.7494979740536281
SOX5	0.011200000000000002	0.7422583885177312	0.9245339907242486
SOX6	-0.009473214285714272	0.5933878144007257	0.8806266448765313
SOX7	0.010135714285714293	0.3630083583248914	0.81300080964177
SOX8	0.004702083333333339	0.6440053590256889	0.9077595863502343
SOX9	0.01020137362637365	0.20159015311643608	0.686376030439306
SP1	0.016508928571428577	0.20519264369481222	0.6874449198181269
SP100	0.022800000000000008	0.2255055265129122	0.7012918503888099
SP2	0.01781035714285714	0.17437687980788674	0.6622228751752404
SP3	0.015386224489795916	0.1736131526218457	0.6622228751752404
SP4	0.0030346428571428642	0.8408291454453439	0.9526606551594705
SP5	0.0008648809523809538	0.9545664635420266	0.9888569134125136
SP8	0.022884523809523803	0.1601427800765825	0.6482890897747006
SP9	0.017077380952380955	0.0167082046352047	0.33585912795694084
SPAG7	-0.021408928571428572	0.5181880871752144	0.8578566098715087
SPATS2	0.06747678571428571	0.10891977899129836	0.5860790339726735
SPDEF	0.02207159090909091	0.017777687089679084	0.34729087314626605
SPI1	0.014316208791208783	0.4414098849977539	0.8260623554445302
SPIB	0.025715476190476177	0.06754872136292998	0.5083175513054567
SPIC	-0.005480357142857141	0.8049579024622247	0.9381246476782713
SPR	0.09898392857142857	0.17248787504602944	0.6622228751752404
SPZ1	0.022710714285714292	0.2267728987496371	0.7025413024680279
SRBD1	0.020121428571428568	0.7199201005935421	0.9206897459681164
SRBP1	-0.04503214285714287	0.28983717087034505	0.7694684147644392
SRBP2	-0.005457142857142855	0.8528490353470005	0.9531842159760594
SREBF1	-0.0016682692307692162	0.8971086717238596	0.9690729966362875
SREBF2	-0.00946450892857141	0.6560940863658117	0.9117457439128055
SRF	0.008065674603174592	0.14084659590113346	0.6345084583204922
SRP9	-0.07129821428571427	0.08021616219960807	0.5374870385065527
SRRM3	0.05592142857142857	0.005384920388688999	0.3094578974378646
SRY	0.011754081632653068	0.3837355235791988	0.81300080964177
SSBP3	0.04243928571428571	0.17972498132896264	0.6719098358578739
SSX2	0.020958928571428566	0.5084472497812411	0.8572587366790491
SSX3	0.035437500000000004	0.31930974806740486	0.7951214013814911
STA5A	0.026050000000000004	0.04505704767989266	0.47344034190917517
STA5B	0.021707142857142862	0.10086982526791231	0.5704435789162827
STAT1	0.0018584821428571305	0.9138704172317553	0.9765317940681392
STAT2	0.0004776785714285456	0.9896437790011365	0.9984068465767499
STAT3	0.023353214285714304	0.38930373531953644	0.81300080964177
STAT4	-0.0182125	0.6822037474817293	0.9153261391993897
STAT5A	0.028954761904761886	0.15172411407976605	0.6482890897747006
STAT5B	0.006592261904761917	0.7275277516676119	0.9225124878589336
STAT6	-0.004986160714285721	0.8185813618750185	0.9445108945480561
STAU2	-0.010523214285714289	0.6881698984434532	0.9153261391993897
STF1	0.03275357142857143	0.06899689115927807	0.5083175513054567
STUB1	0.05059642857142858	0.13740087781869123	0.6248361230640156
SUCLG1	0.10135892857142856	0.004862021511283303	0.3094578974378646
SUH	-0.025053571428571432	0.3812477135616592	0.81300080964177
T	-0.02437589285714285	0.21798928506319243	0.6974584948204651
TAF1	-0.011847321428571447	0.5275809170466088	0.864776884112075
TAF1A	0.05052142857142856	0.021952509788619744	0.3759028528001924
TAF9	-0.1301767857142857	0.29695178316472487	0.7698544359803241
TAGLN2	0.04244285714285716	0.245141927725463	0.718841128446548
TAL1	0.011769642857142874	0.4085713478341515	0.8152280451887712
TBL1XR1	-0.016453571428571435	0.6556547220619119	0.9117457439128055
TBP	-0.0067031250000000216	0.6726167746319212	0.9153261391993897
TBPL1	0.010707142857142856	0.34918737182547477	0.81300080964177
TBR1	-0.013700357142857139	0.6853001854736949	0.9153261391993897
TBX1	-0.03627053571428569	0.09573070171501127	0.5704435789162827
TBX15	-0.033830000000000006	0.149573214288022	0.6482890897747006
TBX18	-0.07543035714285715	0.106058731116054	0.5746228908514333
TBX19	-0.0042306547619047966	0.8443511989025253	0.9526606551594705
TBX2	-0.03844142857142856	0.1762321493863384	0.6642228021707918
TBX20	-0.04498125	0.19681349290055658	0.680748914346813
TBX21	-0.033985076530612265	0.16556656317415838	0.6601681495574776
TBX3	-0.011408035714285718	0.5507763742966704	0.8676548656576705
TBX4	-0.03353785714285712	0.27320393606315163	0.7599337555840081
TBX5	-0.025733928571428567	0.42123561872278104	0.8186274308433042
TBX6	0.0011958333333333265	0.9780023968591559	0.9965758283627126
TBXT	0.014974999999999995	0.15717347543933322	0.6482890897747006
TCEAL2	0.03393392857142858	0.24844370792582812	0.7254556271434182
TCEAL6	0.09661607142857144	0.059481942168580264	0.5083175513054567
TCF12	0.04024967532467532	0.09867605617733156	0.5704435789162827
TCF21	0.03516488095238096	0.11466384795465087	0.5956507757044972
TCF3	0.037871703296703293	0.018565062900975687	0.3558281097987277
TCF4	0.03534345238095239	0.03616906276685562	0.40133192046103
TCF7	0.029296683673469402	0.1953218464429535	0.6796397813117213
TCF7L1	0.030883928571428552	0.07605010617982103	0.5370690592309457
TCF7L2	0.029331696428571405	0.31852874724349023	0.7951214013814911
TCFL5	-8.035714285714243e-05	0.99483343265463	0.9988694106812933
TEAD1	0.017569642857142867	0.19191733373373676	0.6796397813117213
TEAD2	0.04541607142857143	0.003472287263838356	0.3094578974378646
TEAD3	0.011824489795918353	0.6192847414531935	0.892249553725011
TEAD4	0.02463253968253971	0.203549417640228	0.686376030439306
TEF	0.007883531746031725	0.5900059052245877	0.8806266448765313
TF2LX	-0.013283928571428572	0.6477163296006216	0.9092940780931804
TF65	0.007528571428571426	0.774556846287867	0.9292049689177045
TF7L1	0.010105357142857145	0.7541590661513679	0.9245339907242486
TF7L2	0.02140535714285715	0.3860236061318715	0.81300080964177
TFAM	0.07101428571428571	0.0827737960264896	0.5435831505787895
TFAP2A	0.005555371543778796	0.6962797848640867	0.9198080289753309
TFAP2B	0.016196428571428584	0.2353776459371576	0.7097147715539948
TFAP2C	0.012127995391705088	0.3839512393605661	0.81300080964177
TFAP2D	0.02107321428571432	0.2203009905443985	0.6974584948204651
TFAP2E	0.02034017857142858	0.2695585366622228	0.7583078700687487
TFAP4	0.014186941964285694	0.5410785098294697	0.8674892484385103
TFCP2	-0.0008361111111111173	0.9493806265480194	0.9878401568057785
TFCP2L1	0.009113095238095233	0.37650217973304034	0.81300080964177
TFDP1	0.012715714285714282	0.47627201462269286	0.8472181535345288
TFE2	0.02751428571428572	0.10387599453465896	0.5717301762681428
TFE3	-0.022961813186813188	0.27136340559610495	0.7588327491165274
TFEB	-0.006903571428571436	0.6993513630569572	0.9198080289753309
TFEC	-0.0014085714285714326	0.9540884962425211	0.9888569134125136
TGIF1	-0.04624872448979592	0.2275146768342296	0.7025413024680279
TGIF2	-0.008573214285714253	0.6411480019949722	0.905911010501171
TGIF2LX	-0.05642678571428572	0.07733451141028422	0.5370690592309457
TGIF2LY	-0.03090714285714285	0.14441489504067145	0.6419380462945672
THA	-0.004356249999999992	0.7789062870112786	0.9292049689177045
THA11	-0.004169642857142858	0.7465789607116694	0.9245339907242486
THAP1	0.026500765306122453	0.007201149122936362	0.32219334946815276
THAP11	-0.013485714285714299	0.41320523855341396	0.8152280451887712
THAP5	-0.0021089285714285706	0.9248533038221922	0.9814625343545376
THB	-0.0003473214285714399	0.988031231052166	0.9984068465767499
THRA	-0.006595982142857143	0.6462791296793385	0.908195696925271
THRB	0.01445041208791207	0.08570911575169099	0.5516710685957973
TIA1	-0.006796428571428592	0.9080424337111742	0.974056346138746
TIMELESS	-0.044969642857142854	0.5664210883307021	0.8752382798564811
TIMM44	-0.13378035714285713	0.18242867379345276	0.6747428548040506
TIMM8A	0.032482142857142855	0.15367119291301415	0.6482890897747006
TLX1	0.0017553571428571488	0.8808286133957643	0.9662920331856626
TLX2	-0.0051651785714285775	0.8749666483825879	0.9639227492507143
TMSB4XP8	0.005621428571428574	0.6489359272733422	0.9100850668636254
TOB2	0.01662142857142858	0.7295153302436734	0.9225124878589336
TP53	-0.004660119047619048	0.6763833962886443	0.9153261391993897
TP63	0.0022169642857142943	0.8733658900179502	0.9636901268535377
TP73	0.00852821428571425	0.6718535817438616	0.9153261391993897
TPI1	0.008107142857142854	0.7840540339155735	0.9292049689177045
TPPP	-0.035133928571428566	0.4872203379525508	0.8526710890138449
TRIM21	-0.08703571428571429	0.25226070538273987	0.7282448041177784
TRIM69	0.025712500000000006	0.20282133924053272	0.686376030439306
TRIP10	0.03911428571428571	0.006174144443294862	0.3094578974378646
TRMT1	0.051392857142857136	0.0102593378582295	0.3242627059620669
TROVE2	0.040023214285714294	0.11292813983169787	0.593300492221837
TRP53	-0.006698214285714276	0.5879296415371622	0.8806266448765313
TRP73	0.000880357142857148	0.962663203161666	0.9919865251004686
TRPS1	0.026983333333333356	0.16902951400826463	0.6614372951909072
TSC22D4	-0.021580357142857148	0.6734464959766242	0.9153261391993897
TSN	0.030592857142857144	0.5143855022645201	0.8576138461432272
TSNAX	0.044571428571428574	0.06412360308637637	0.5083175513054567
TULP1	-0.06617678571428572	0.49346520800917537	0.8564740178745744
TWIST1	0.019778794642857124	0.03273971463073298	0.39657859419751135
TWST1	0.0016232142857142834	0.9089955860330067	0.9743252533444979
TYY1	-0.030725000000000006	0.21926790232304819	0.6974584948204651
TYY2	-0.041449999999999994	0.07491055485070941	0.535571853494505
U2AF1	-0.08454285714285714	0.3338125169570098	0.8038159045475219
UBB	0.09481071428571429	0.04675965699292352	0.480412179623592
UBE2K	-0.02193035714285714	0.7088433951175996	0.9206897459681164
UBE2V1	0.015992857142857142	0.5252982978544609	0.8633647380944951
UBIP1	0.013269642857142841	0.7757126029077314	0.9292049689177045
UBP1	0.0015374999999999972	0.9770846864837601	0.9965758283627126
UBXN1	-0.014276785714285714	0.8937256477421945	0.9684355261081437
UGP2	0.1321392857142857	0.0059503096217403935	0.3094578974378646
UNC4	0.008837499999999998	0.5678499464439315	0.8752382798564811
UNCX	0.02477812499999998	0.11955371769911743	0.5994812249237333
UQCRB	-0.04042857142857143	0.452034528089743	0.8330828476498078
USF1	-0.009574431818181815	0.5610354910935827	0.8729147630625771
USF2	-0.0067652597402597485	0.5923961115568962	0.8806266448765313
USP39	0.09330714285714287	0.011143350691784433	0.3242627059620669
UTP18	-0.012687500000000018	0.8488634264135408	0.9526606551594705
VAMP3	0.06450357142857141	0.008935581149634697	0.3242627059620669
VAX1	0.000854464285714257	0.9653444028679007	0.99401090332426
VAX2	0.0016720238095238073	0.9323459648396697	0.9848925005579755
VDR	0.002054591836734697	0.8613784806494333	0.9557855621286113
VENTX	0.022544999999999996	0.09556540719804317	0.5704435789162827
VEZF1	0.00862285714285714	0.3200174225866063	0.795448792449101
VPS4B	0.07115535714285715	0.1026467973506021	0.5704435789162827
VSX1	0.003983035714285717	0.7793734407733341	0.9292049689177045
VSX2	0.016459226190476198	0.0516784684398283	0.4864331286996429
WDR83	0.023825000000000006	0.020017782671463674	0.36869026400706745
WISP2	-0.04335357142857141	0.7013959393771486	0.9198080289753309
WRNIP1	0.01188928571428572	0.47850583873631714	0.8472181535345288
WT1	0.02477142857142858	0.008839867771944497	0.3242627059620669
XBP1	0.006429910714285718	0.4010790993915615	0.8152280451887712
XG	-0.017698214285714296	0.5972167187675388	0.8806266448765313
XRCC1	0.005030357142857142	0.9188711213810965	0.9781076326596937
YBX1	-0.003782142857142866	0.8987578670795426	0.9700989584741834
YEATS4	0.017316071428571434	0.622596425508481	0.8930105917065804
YWHAE	0.039910714285714285	0.060666092901000425	0.5083175513054567
YWHAZ	-0.05449285714285716	0.573141514777888	0.8773399954251762
YY1	-0.03783281249999999	0.16083319157360648	0.6482890897747006
YY2	-0.019291250000000024	0.15338558900085852	0.6482890897747006
Z324A	0.015449999999999998	0.2651599410096796	0.7535938362180691
Z354A	-0.006128571428571435	0.5967127159752599	0.8806266448765313
ZBED1	-0.017802142857142867	0.31833689552157723	0.7951214013814911
ZBED2	0.000400000000000008	0.9756287271669242	0.9965758283627126
ZBT14	0.011478571428571435	0.7800684678159144	0.9292049689177045
ZBT17	0.01923392857142857	0.07781681265630452	0.5370690592309457
ZBT18	0.03295714285714287	0.21005064868714585	0.6936672612596936
ZBT48	0.02730357142857142	0.23131908411617969	0.708255120682431
ZBT49	0.03543571428571429	0.0810621195599999	0.539003967466121
ZBT7A	-0.008305357142857142	0.8562747243615522	0.9540282225970912
ZBT7B	-0.013369642857142861	0.41288423868809776	0.8152280451887712
ZBTB12	0.011434999999999976	0.3426974370438266	0.8067608378719723
ZBTB14	0.015576785714285706	0.4059788604392549	0.8152280451887712
ZBTB16	0.01674107142857143	0.1877909973064365	0.6796397813117213
ZBTB18	0.01598035714285714	0.37403408593970733	0.81300080964177
ZBTB25	0.02054285714285714	0.5879261410718138	0.8806266448765313
ZBTB26	0.04740238095238093	0.027289918089029648	0.3880506681627678
ZBTB3	0.023196428571428576	0.3792627530840056	0.81300080964177
ZBTB32	0.010821428571428565	0.6853991030685682	0.9153261391993897
ZBTB33	-0.011341517857142838	0.41398481687789523	0.8152280451887712
ZBTB4	0.0037415178571428565	0.7828354870469643	0.9292049689177045
ZBTB43	0.06726964285714285	0.09780869147412163	0.5704435789162827
ZBTB46	-0.015751785714285725	0.7302946731572524	0.9225124878589336
ZBTB49	-0.0035919642857142817	0.8427196525477296	0.9526606551594705
ZBTB6	0.006543214285714277	0.8675052710632208	0.959997977725145
ZBTB7A	-0.013043973214285721	0.5421253911572286	0.8674892484385103
ZBTB7B	0.015825000000000006	0.28163894835507614	0.7694684147644392
ZBTB7C	0.011850595238095243	0.459708214560098	0.8376540318386039
ZC3H7A	0.05000535714285714	0.011393967881305344	0.3242627059620669
ZCCHC14	0.03509107142857143	0.5632155485921546	0.8729147630625771
ZCCHC17	0.040067857142857155	0.1778252424486968	0.6666043548009256
ZDHHC15	-0.03748928571428571	0.3553288543233539	0.81300080964177
ZDHHC5	0.04965714285714286	0.15888782386915398	0.6482890897747006
ZEB1	0.014252901785714306	0.2007032949120802	0.686376030439306
ZEP1	0.002476785714285709	0.9373040040902627	0.985629807398376
ZEP2	-0.0009857142857142911	0.9791655203439544	0.9965758283627126
ZF64A	0.002924999999999997	0.8907922060184044	0.9684355261081437
ZFHX3	0.04155714285714285	0.043845536330419634	0.4652810833215111
ZFP14	0.027383928571428573	0.03331447927084006	0.39657859419751135
ZFP28	0.004678571428571431	0.692804166401935	0.9177835518619711
ZFP3	0.023357142857142847	0.6424614024835276	0.9065045424665846
ZFP42	-0.026555803571428584	0.1714002660405674	0.6622228751752404
ZFP57	-0.007055952380952364	0.7582932247137255	0.9251574038353113
ZFP82	0.0022214285714285756	0.6773501555513342	0.9153261391993897
ZFX	-0.011656071428571408	0.5435310412866236	0.8674892484385103
ZHX3	-0.028596428571428568	0.1914100604050849	0.6796397813117213
ZIC1	0.022374999999999992	0.062260991989301434	0.5083175513054567
ZIC2	0.02900535714285713	0.03431105357152225	0.39657859419751135
ZIC3	0.03982738095238094	0.003963669896179082	0.3094578974378646
ZIC4	0.02935848214285716	0.0789314323204957	0.5370690592309457
ZIC5	0.06096130952380952	0.00610788551498436	0.3094578974378646
ZIM3	0.002832142857142835	0.8474562196314652	0.9526606551594705
ZKSC1	0.007205357142857145	0.5905484857713353	0.8806266448765313
ZKSC3	0.018155357142857147	0.4090618264122503	0.8152280451887712
ZKSCAN1	0.007387053571428572	0.15837913330025055	0.6482890897747006
ZKSCAN3	0.0030491071428571763	0.7463443663905288	0.9245339907242486
ZKSCAN5	-0.016830952380952377	0.6575372992545025	0.9117457439128055
ZKSCAN8	0.03832678571428572	0.09891466189465228	0.5704435789162827
ZMAT2	0.04781428571428571	0.1731277496502563	0.6622228751752404
ZMAT4	0.08102678571428572	0.03772882505932674	0.4120463020258755
ZN121	0.014219642857142863	0.017266031377297264	0.34211407886159007
ZN134	0.002399999999999996	0.7777133794901419	0.9292049689177045
ZN136	-0.004774999999999998	0.554031143178248	0.8710831100534815
ZN140	0.011003571428571418	0.3003488287086289	0.7714515285534598
ZN143	-0.0010053571428571481	0.926976761764456	0.9829638903419728
ZN148	0.0023624999999999965	0.9154678276184718	0.9773418735180691
ZN214	-0.005967857142857139	0.6010340359669215	0.8806498839857665
ZN219	0.0003607142857142767	0.9846821502381667	0.9969008338542609
ZN232	0.01735178571428571	0.24104060657106857	0.712256120560784
ZN250	-0.004451785714285714	0.7514667046653338	0.9245339907242486
ZN257	0.00417321428571428	0.8780377189485382	0.9653780066886963
ZN260	-0.009226785714285719	0.31862005389577513	0.7951214013814911
ZN263	-0.012424107142857133	0.5150629659966174	0.8576138461432272
ZN264	-0.013598214285714283	0.21149683099415895	0.6967840964106852
ZN274	-0.010348214285714287	0.4204605045654196	0.8186274308433042
ZN281	0.008716071428571427	0.6872487399303531	0.9153261391993897
ZN282	-0.024589285714285716	0.5033876868037492	0.8572587366790491
ZN317	0.001146428571428576	0.9068470396052397	0.974056346138746
ZN320	0.029542857142857145	0.0012250311468244633	0.2787808182689477
ZN322	-0.019680357142857145	0.1865089789071897	0.678971007202814
ZN329	0.008926785714285717	0.29340117376884506	0.7694684147644392
ZN331	0.004378571428571433	0.6814579496095777	0.9153261391993897
ZN333	0.040864285714285714	0.054288289532774314	0.5002695567136631
ZN335	-0.010113392857142852	0.6242579789295806	0.8944688189827772
ZN341	0.01970267857142858	0.06349118645225739	0.5083175513054567
ZN350	-0.0003339285714285649	0.9771982929800724	0.9965758283627126
ZN382	0.0008250000000000028	0.9413076200857006	0.9868432872704964
ZN384	-0.038289285714285706	0.2611947009976357	0.7469629902757129
ZN394	0.02029821428571428	0.1499227482363244	0.6482890897747006
ZN410	0.005746428571428576	0.8062325739239361	0.9381246476782713
ZN418	0.015305357142857145	0.26099644873382327	0.7469629902757129
ZN423	-0.007528571428571426	0.6019810552476419	0.8807465439118981
ZN436	-0.011416071428571428	0.3526443327358664	0.81300080964177
ZN449	-0.009649999999999999	0.7142337089620759	0.9206897459681164
ZN467	0.005882142857142853	0.4987144857782262	0.8572587366790491
ZN490	0.009801785714285718	0.2144424088469992	0.6974584948204651
ZN502	0.003253571428571432	0.7879150953900113	0.9315459097718362
ZN524	-0.009862499999999996	0.6133793200333513	0.8883144791206771
ZN528	-0.02659821428571428	0.1182592962562869	0.5994812249237333
ZN547	0.003705357142857142	0.723479579816578	0.9206897459681164
ZN549	0.025701785714285712	0.03155024915630506	0.39657859419751135
ZN554	0.005197321428571433	0.6823290170042928	0.9153261391993897
ZN563	0.01818303571428572	0.1181640995678032	0.5994812249237333
ZN582	0.01968214285714285	0.028969798030013993	0.3880506681627678
ZN586	0.0021767857142857214	0.8002001189067467	0.9373965919963325
ZN589	0.025046428571428588	0.14056530561407424	0.6345084583204922
ZN652	-0.006348214285714283	0.7482222707338839	0.9245339907242486
ZN667	-0.0048749999999999905	0.7822465776677988	0.9292049689177045
ZN680	-0.012619642857142857	0.38682797465621765	0.81300080964177
ZN708	-0.01827589285714284	0.3671039990852146	0.81300080964177
ZN713	-0.007342857142857151	0.6837796231678968	0.9153261391993897
ZN740	-0.007591071428571419	0.7471467025318788	0.9245339907242486
ZN768	0.012148214285714286	0.25037629480223605	0.7265102947504214
ZN770	-0.011511607142857129	0.5873428339073833	0.8806266448765313
ZN784	-0.019537499999999992	0.3687503415042186	0.81300080964177
ZN816	0.0030785714285714444	0.856633627660224	0.9540282225970912
ZNF124	0.0035464285714285823	0.9366204885380809	0.985629807398376
ZNF131	0.06775714285714285	0.04789224025395206	0.48072512867192985
ZNF135	-0.007667261904761899	0.7657234832978304	0.9292049689177045
ZNF136	-0.04181309523809525	0.3813931336245615	0.81300080964177
ZNF140	0.006419642857142848	0.3684093771262076	0.81300080964177
ZNF143	0.006284642857142853	0.35884992622670653	0.81300080964177
ZNF148	0.004740178571428548	0.8379627232213973	0.9518872212187371
ZNF16	-0.00620357142857144	0.21478112795831517	0.6974584948204651
ZNF160	-0.1773642857142857	0.0655698504137831	0.5083175513054567
ZNF18	-0.02065714285714286	0.529488516837215	0.864776884112075
ZNF189	-0.0007982142857142771	0.9909455905430958	0.9985724289389437
ZNF205	-0.0014446428571428596	0.9711717059586122	0.9965758283627126
ZNF207	-0.00037500000000000033	0.9938238288893076	0.998864964253239
ZNF211	-0.010675000000000004	0.5743374845676321	0.8773399954251762
ZNF214	0.003108928571428575	0.748037511346249	0.9245339907242486
ZNF219	-0.011014285714285726	0.5842448316054651	0.8806266448765313
ZNF232	-0.0009053571428571314	0.9486342074977272	0.9878401568057785
ZNF238	0.004865178571428562	0.8481964158322525	0.9526606551594705
ZNF24	0.0022976190476190483	0.750818689161102	0.9245339907242486
ZNF250	0.04975535714285714	0.12194023213448545	0.5997556807465649
ZNF257	0.05974047619047617	0.0075204037528951795	0.3242627059620669
ZNF26	0.019383928571428573	0.2961675585995651	0.7694684147644392
ZNF263	0.003942602040816347	0.799034650314959	0.9368232914283325
ZNF274	-0.010007142857142878	0.5454664944125618	0.8674892484385103
ZNF281	0.011116369047619049	0.3230345805968956	0.795448792449101
ZNF282	-4.107142857143892e-05	0.9984595563562553	0.9998807679962859
ZNF3	0.048741071428571425	0.16754087140896332	0.6601681495574776
ZNF304	-0.051183928571428575	0.4080957953478016	0.8152280451887712
ZNF306	0.006092857142857143	0.752609439687614	0.9245339907242486
ZNF317	0.003766071428571438	0.858419049604304	0.9540282225970912
ZNF320	0.006308928571428583	0.6281381619145034	0.8963247228142144
ZNF324	0.01659285714285715	0.09793225882033645	0.5704435789162827
ZNF326	0.01659464285714287	0.7296131153283414	0.9225124878589336
ZNF331	0.056170833333333337	0.034126381725554614	0.39657859419751135
ZNF333	0.03898214285714285	0.029017956493645084	0.3880506681627678
ZNF341	0.05710892857142857	0.003160697213167624	0.3094578974378646
ZNF343	0.029510119047619042	0.16929361196306564	0.6614372951909072
ZNF35	-0.0040374999999999925	0.8099740673254372	0.9401121601509468
ZNF350	0.0001874999999999967	0.9897688637657038	0.9984068465767499
ZNF354A	-0.01220178571428571	0.32606587487530536	0.7962207191057193
ZNF354C	-0.044524999999999995	0.5988306681595567	0.8806498839857665
ZNF382	0.0007398809523809502	0.8498583109642833	0.9529130778556677
ZNF384	-0.0054209821428571475	0.6771862967079463	0.9153261391993897
ZNF385A	0.001817857142857135	0.9491883892969822	0.9878401568057785
ZNF41	-0.01928660714285716	0.30276868517247946	0.7719488351732151
ZNF410	-0.011617857142857159	0.5394667436057115	0.8674892484385103
ZNF416	-0.05314166666666662	0.4592080210121814	0.8376540318386039
ZNF417	0.009885119047619038	0.6007708832784394	0.8806498839857665
ZNF418	0.0060232142857142845	0.6645124740231341	0.9145293797642401
ZNF423	0.015903571428571427	0.33289034144620744	0.8038159045475219
ZNF435	-0.013466071428571431	0.37164149463798846	0.81300080964177
ZNF449	0.0018773809523809776	0.947777920073638	0.9878401568057785
ZNF454	-0.01806785714285715	0.3398550897608207	0.806013147226504
ZNF460	-0.03459761904761907	0.3674204233538517	0.81300080964177
ZNF503	-0.02247678571428572	0.6902751222389991	0.9170609143156052
ZNF510	0.019830357142857143	0.7045040594118455	0.9198080289753309
ZNF524	-0.02493928571428572	0.33166137718335015	0.8038159045475219
ZNF528	-0.005917857142857136	0.3462347376681841	0.8111952384219111
ZNF530	0.014058928571428563	0.33966565784394254	0.806013147226504
ZNF549	0.033326785714285684	0.09819488890746617	0.5704435789162827
ZNF574	0.024876785714285705	0.029179171240547305	0.3880506681627678
ZNF582	0.04142142857142857	0.36471360088385607	0.81300080964177
ZNF610	0.0407625	0.004181446674834155	0.3094578974378646
ZNF652	-0.0008241071428571403	0.972711565921256	0.9965758283627126
ZNF655	-0.0312875	0.5960243754110313	0.8806266448765313
ZNF667	0.01531785714285714	0.4544837864166865	0.8346754618481509
ZNF669	-0.02350357142857143	0.2897922934114266	0.7694684147644392
ZNF671	0.019575	0.3365470261611684	0.805363846735881
ZNF675	0.04961190476190476	0.05067490986129368	0.48576456615000924
ZNF680	0.015558333333333327	0.20725784863543148	0.6893684317921907
ZNF682	0.009991071428571422	0.3963545080239258	0.8144351150062001
ZNF684	-0.0037071428571428464	0.3538530930546837	0.81300080964177
ZNF691	0.019407142857142852	0.5299642043945665	0.864776884112075
ZNF692	-0.06988809523809525	0.414073331192482	0.8152280451887712
ZNF695	0.02892857142857144	0.19537884014430604	0.6796397813117213
ZNF701	0.004916071428571433	0.5776843176347658	0.8775992864834832
ZNF706	0.06503928571428572	0.010328858287929123	0.3242627059620669
ZNF707	0.03377857142857144	0.10102366017188275	0.5704435789162827
ZNF708	0.006850000000000012	0.6731248891848	0.9153261391993897
ZNF71	-0.03861071428571428	0.35872537539497107	0.81300080964177
ZNF711	-0.037596428571428565	0.3805153884574838	0.81300080964177
ZNF713	-0.002373214285714284	0.8575909740241714	0.9540282225970912
ZNF720	0.02438392857142857	0.597194519003849	0.8806266448765313
ZNF740	0.007586785714285685	0.7014220980666305	0.9198080289753309
ZNF75A	-0.012521428571428572	0.591086802956283	0.8806266448765313
ZNF75D	0.02358660714285714	0.14664956163195897	0.6441709221066803
ZNF76	0.0071696428571428675	0.2318547295069665	0.7083315194408867
ZNF766	0.032057142857142853	0.12970898127920902	0.6140148704241055
ZNF768	0.0049797619047619035	0.4406882478858496	0.8260623554445302
ZNF784	-0.04467976190476189	0.10901830624726008	0.5860790339726735
ZNF8	0.0016207142857142774	0.7584022841822271	0.9251574038353113
ZNF816	0.013410119047619035	0.05968113687883962	0.5083175513054567
ZNF830	0.011103571428571428	0.7831002685655118	0.9292049689177045
ZNF85	0.015568928571428555	0.032869979572075714	0.39657859419751135
ZNF93	0.024269642857142847	0.1572376061792384	0.6482890897747006
ZRSR2	0.09421428571428571	0.03127508156694066	0.39657859419751135
ZSC16	0.03026250000000001	0.0066368538282513155	0.3174246986132612
ZSC22	0.018019642857142866	0.2503430644420499	0.7265102947504214
ZSC31	-0.014151785714285721	0.35295513271118684	0.81300080964177
ZSCAN29	0.018079166666666674	0.11357307812674063	0.5944372051388274
ZSCAN31	0.016175892857142847	0.2955658483537829	0.7694684147644392
ZSCAN4	0.0008617857142857004	0.9307636555295931	0.9847209688936275
ZSCAN9	-0.01839464285714286	0.8743894736408371	0.9639227492507143
ZSWIM1	0.016585714285714294	0.6652921010685784	0.9145293797642401
