index	gene	Strand	Variant_Classification	Tumor_Sample_Barcode	Patient_ID	mutation	mutation_loc	driver	driver_mutation_type	has_driver	genic_region	CADD_score_raw	CADD_score_PHRED	gene_length	CADD_score_normalized
0	ATM	+	Intron	0176cf1d-0760-4769-a493-277f4bb7585e	DO23838	11:108220174-108220174:G:T	11:108220174:G:T	False		Passengers in absence of driver	intronic	-0.393862	0.279	146619	0.12016122339830171
1	NBEA	+	Intron	0176cf1d-0760-4769-a493-277f4bb7585e	DO23838	13:35613278-35613278:G:T	13:35613278:G:T	False		Passengers in absence of driver	intronic	-0.201294	0.694	730736	0.08528559886717678
2	NBEA	+	Intron	0176cf1d-0760-4769-a493-277f4bb7585e	DO23838	13:35756389-35756389:A:C	13:35756389:A:C	False		Passengers in absence of driver	intronic	-0.020107	1.734	730736	0.10205571799817421
3	NBEA	+	Intron	0176cf1d-0760-4769-a493-277f4bb7585e	DO23838	13:35805785-35805785:A:G	13:35805785:A:G	False		Passengers in absence of driver	intronic	0.147903	3.696	730736	0.117606213978564
4	NBEA	+	Intron	0176cf1d-0760-4769-a493-277f4bb7585e	DO23838	13:35888536-35888536:A:G	13:35888536:A:G	False		Passengers in absence of driver	intronic	-0.044311	1.534	730736	0.09981546917542942
5	NBEA	+	Intron	0176cf1d-0760-4769-a493-277f4bb7585e	DO23838	13:35904271-35904271:C:T	13:35904271:C:T	False		Passengers in absence of driver	intronic	0.424597	7.102	730736	0.14321617133109044
6	NBEA	+	Intron	0176cf1d-0760-4769-a493-277f4bb7585e	DO23838	13:36011839-36011839:G:T	13:36011839:G:T	False		Passengers in absence of driver	intronic	0.189509	4.267	730736	0.12145713913635278
7	NBEA	+	Intron	0176cf1d-0760-4769-a493-277f4bb7585e	DO23838	13:36121524-36121524:G:T	13:36121524:G:T	False		Passengers in absence of driver	intronic	-0.144731	0.919	730736	0.09052089857635354
8	NBEA	+	Intron	0176cf1d-0760-4769-a493-277f4bb7585e	DO23838	13:36131869-36131869:G:T	13:36131869:G:T	False		Passengers in absence of driver	intronic	0.006647	1.98	730736	0.10453198708608177
9	NBEA	+	Intron	0176cf1d-0760-4769-a493-277f4bb7585e	DO23838	13:36206386-36206386:G:T	13:36206386:G:T	False		Passengers in absence of driver	intronic	0.092979	2.959	730736	0.11252261513785851
10	NBEA	+	Intron	0176cf1d-0760-4769-a493-277f4bb7585e	DO23838	13:36233970-36233970:G:T	13:36233970:G:T	False		Passengers in absence of driver	intronic	1.781767	15.93	730736	0.26883170986871074
11	EGFR	+	Intron	0176cf1d-0760-4769-a493-277f4bb7585e	DO23838	7:55164186-55164186:G:T	7:55164186:G:T	False		Passengers in absence of driver	intronic	-0.061849	1.403	237600	0.13626580924536985
12	MET	+	Intron	0176cf1d-0760-4769-a493-277f4bb7585e	DO23838	7:116407517-116407517:A:C	7:116407517:A:C	False		Passengers in absence of driver	intronic	-0.042533	1.548	125997	0.06911628822005654
13	RBM10	+	Nonsense_Mutation	0176cf1d-0760-4769-a493-277f4bb7585e	DO23838	X:47045731-47045731:G:A	X:47045731:G:A	True	mutational, CNA	Drivers	exonic	9.951206	41.0	41945	1.0
16	TP53	+	Missense_Mutation	020fab36-c7de-4933-b2bf-dc7b019a1326	DO23584	17:7579358-7579358:C:A	17:7579358:C:A	True	mutational, CNA	Drivers	exonic	2.197547	17.6	25760	0.24784043121109972
17	EGFR	+	Missense_Mutation	020fab36-c7de-4933-b2bf-dc7b019a1326	DO23584	7:55259524-55259524:T:A	7:55259524:T:A	True	mutational, CNA	Drivers	exonic	5.267771	28.0	237600	1.0
18	MET	+	Missense_Mutation	020fab36-c7de-4933-b2bf-dc7b019a1326	DO23584	7:116340099-116340099:T:C	7:116340099:T:C	False		Passengers in absence of driver	exonic	2.814663	20.1	125997	0.4758454068457053
19	MET	+	Intron	020fab36-c7de-4933-b2bf-dc7b019a1326	DO23584	7:116382939-116382939:C:T	7:116382939:C:T	False		Passengers in absence of driver	intronic	1.885799	16.34	125997	0.34361925363707185
20	RBM10	+	Intron	020fab36-c7de-4933-b2bf-dc7b019a1326	DO23584	X:47007281-47007281:G:T	X:47007281:G:T	False		Passengers in absence of driver	intronic	0.058315	2.534	41945	0.06627060046078208
21	NBEA	+	Intron	09bc8542-4ea1-4599-91b3-d606425b37e2	DO23608	13:35582987-35582987:C:G	13:35582987:C:G	False		Passengers in absence of driver	intronic	0.49408	7.815	730736	0.14964730705042514
22	NBEA	+	Intron	09bc8542-4ea1-4599-91b3-d606425b37e2	DO23608	13:35632782-35632782:A:C	13:35632782:A:C	False		Passengers in absence of driver	intronic	0.666347	9.423	730736	0.1655918180381866
23	NBEA	+	Intron	09bc8542-4ea1-4599-91b3-d606425b37e2	DO23608	13:35949856-35949856:T:G	13:35949856:T:G	False		Passengers in absence of driver	intronic	0.208402	4.522	730736	0.12320581790879195
24	NBEA	+	Intron	09bc8542-4ea1-4599-91b3-d606425b37e2	DO23608	13:36081810-36081810:G:C	13:36081810:G:C	False		Passengers in absence of driver	intronic	0.27613	5.404	730736	0.12947451615151465
25	NBEA	+	Missense_Mutation	09bc8542-4ea1-4599-91b3-d606425b37e2	DO23608	13:36125086-36125086:C:G	13:36125086:C:G	False		Passengers in absence of driver	exonic	2.46916	18.68	730736	0.332454720900483
26	TP53	+	Missense_Mutation	09bc8542-4ea1-4599-91b3-d606425b37e2	DO23608	17:7578190-7578190:T:C	17:7578190:T:C	True	mutational, CNA	Drivers	exonic	5.633449	30.0	25760	0.6274417368293592
27	KEAP1	+	Intron	09bc8542-4ea1-4599-91b3-d606425b37e2	DO23608	19:10612915-10612915:T:C	19:10612915:T:C	False		Passengers in absence of driver	intronic	0.515936	8.031	17622	0.0854825911342915
28	EGFR	+	Intron	09bc8542-4ea1-4599-91b3-d606425b37e2	DO23608	7:55304594-55304594:T:C	7:55304594:T:C	False		Passengers in absence of driver	intergenic	0.09926	3.04	237600	0.16237561664970407
29	MET	+	Intron	09bc8542-4ea1-4599-91b3-d606425b37e2	DO23608	7:116414255-116414255:A:T	7:116414255:A:T	False		Passengers in absence of driver	intronic	0.099645	3.045	125997	0.08935568818700228
31	ATM	+	Intron	0b19bee7-5281-4915-9d98-c20eb3e84ecf	DO25320	11:108208936-108208936:G:T	11:108208936:G:T	False		Passengers in absence of driver	intronic	0.158861	3.847	146619	0.1745720530555868
32	NBEA	+	Intron	0b19bee7-5281-4915-9d98-c20eb3e84ecf	DO25320	13:35845664-35845664:A:T	13:35845664:A:T	False		Passengers in absence of driver	intronic	0.070899	2.684	730736	0.11047895731244928
33	NBEA	+	Intron	0b19bee7-5281-4915-9d98-c20eb3e84ecf	DO25320	13:36176251-36176251:G:C	13:36176251:G:C	False		Passengers in absence of driver	intronic	-0.146995	0.909	730736	0.09031134960367569
34	NBEA	+	Intron	0b19bee7-5281-4915-9d98-c20eb3e84ecf	DO25320	13:36207301-36207301:G:T	13:36207301:G:T	False		Passengers in absence of driver	intronic	-0.048761	1.5	730736	0.09940359067347873
35	NBEA	+	IGR	0b19bee7-5281-4915-9d98-c20eb3e84ecf	DO25320	13:36247098-36247098:T:C	13:36247098:T:C	False		Passengers in absence of driver	downstream	-0.193583	0.721	730736	0.08599930563763558
36	NBEA	+	IGR	0b19bee7-5281-4915-9d98-c20eb3e84ecf	DO25320	13:36248825-36248825:C:A	13:36248825:C:A	False		Passengers in absence of driver	intergenic	-0.128134	0.999	730736	0.09205706655317948
37	STK11	+	Intron	0b19bee7-5281-4915-9d98-c20eb3e84ecf	DO25320	19:1192080-1192080:C:A	19:1192080:C:A	False		Passengers in absence of driver	intergenic	-0.564821	0.128	39023	0.0
38	EGFR	+	5'Flank	0b19bee7-5281-4915-9d98-c20eb3e84ecf	DO25320	7:55083752-55083752:C:G	7:55083752:C:G	False		Passengers in absence of driver	intergenic	0.412401	6.973	237600	0.2131241856334394
39	EGFR	+	Intron	0b19bee7-5281-4915-9d98-c20eb3e84ecf	DO25320	7:55087246-55087246:G:A	7:55087246:G:A	False		Passengers in absence of driver	intronic	0.990724	11.92	237600	0.30684894432163673
40	EGFR	+	Intron	0b19bee7-5281-4915-9d98-c20eb3e84ecf	DO25320	7:55221365-55221365:C:G	7:55221365:C:G	False		Passengers in absence of driver	intronic	-0.09236	1.2	237600	0.13132110513999
41	EGFR	+	Intron	0b19bee7-5281-4915-9d98-c20eb3e84ecf	DO25320	7:55251777-55251777:G:T	7:55251777:G:T	False		Passengers in absence of driver	ncRNA	0.085883	2.869	237600	0.16020769993711956
42	EGFR	+	Intron	0b19bee7-5281-4915-9d98-c20eb3e84ecf	DO25320	7:55257064-55257064:G:A	7:55257064:G:A	False		Passengers in absence of driver	intronic	-0.66477	0.083	237600	0.03855462495381206
43	EGFR	+	Intron	0b19bee7-5281-4915-9d98-c20eb3e84ecf	DO25320	7:55259368-55259368:C:T	7:55259368:C:T	False		Passengers in absence of driver	intronic	0.174751	4.065	237600	0.17460991436591233
44	EGFR	+	Intron	0b19bee7-5281-4915-9d98-c20eb3e84ecf	DO25320	7:55293467-55293467:G:T	7:55293467:G:T	False		Passengers in absence of driver	intergenic	-0.080299	1.276	237600	0.13327574694835376
45	EGFR	+	Intron	0b19bee7-5281-4915-9d98-c20eb3e84ecf	DO25320	7:55298063-55298063:C:A	7:55298063:C:A	False		Passengers in absence of driver	intergenic	0.14488	3.654	237600	0.16976893057869455
46	EGFR	+	Intron	0b19bee7-5281-4915-9d98-c20eb3e84ecf	DO25320	7:55300425-55300425:C:A	7:55300425:C:A	False		Passengers in absence of driver	intergenic	0.081003	2.808	237600	0.15941683251113373
47	EGFR	+	Intron	0b19bee7-5281-4915-9d98-c20eb3e84ecf	DO25320	7:55303017-55303017:A:C	7:55303017:A:C	False		Passengers in absence of driver	intergenic	-0.158377	0.858	237600	0.12062219225857476
48	EGFR	+	Intron	0b19bee7-5281-4915-9d98-c20eb3e84ecf	DO25320	7:55314090-55314090:C:A	7:55314090:C:A	False		Passengers in absence of driver	ncRNA	0.004257	1.957	237600	0.14697914573352955
49	MET	+	Intron	0b19bee7-5281-4915-9d98-c20eb3e84ecf	DO25320	7:116427200-116427200:G:T	7:116427200:G:T	False		Passengers in absence of driver	intronic	0.273947	5.377	125997	0.11416802126974768
51	KRAS	+	Missense_Mutation	0ce6f3ed-bdbc-4b70-9db4-2e48f4bf644d	DO23648	12:25398284-25398284:C:T	12:25398284:C:T	True	mutational	Drivers	exonic	5.134425	27.3	46148	0.867678988871627
52	NBEA	+	Intron	0ce6f3ed-bdbc-4b70-9db4-2e48f4bf644d	DO23648	13:36105607-36105607:T:C	13:36105607:T:C	False		Passengers in absence of driver	intronic	0.973167	11.81	730736	0.19399014657043578
53	ATM	+	Intron	14bf9bfb-14d6-4cac-a556-828f680e8a15	DO24307	11:108187417-108187417:A:T	11:108187417:A:T	False		Passengers in absence of driver	intronic	0.03212	2.24	146619	0.16209549072401389
54	NBEA	+	Intron	14bf9bfb-14d6-4cac-a556-828f680e8a15	DO24307	13:35539098-35539098:G:T	13:35539098:G:T	False		Passengers in absence of driver	intronic	0.089318	2.913	730736	0.11218376408265818
55	NBEA	+	Intron	14bf9bfb-14d6-4cac-a556-828f680e8a15	DO24307	13:36104836-36104836:T:C	13:36104836:T:C	False		Passengers in absence of driver	intronic	0.300893	5.709	730736	0.1317665043186618
56	NBEA	+	Intron	14bf9bfb-14d6-4cac-a556-828f680e8a15	DO24307	13:36205445-36205445:G:C	13:36205445:G:C	False		Passengers in absence of driver	intronic	-0.119014	1.047	730736	0.09290118608976157
57	STK11	+	Intron	14bf9bfb-14d6-4cac-a556-828f680e8a15	DO24307	19:1222554-1222554:G:A	19:1222554:G:A	False		Passengers in absence of driver	intronic	0.223495	4.723	39023	0.1030501735529444
58	KEAP1	+	Missense_Mutation	14bf9bfb-14d6-4cac-a556-828f680e8a15	DO24307	19:10602840-10602840:G:C	19:10602840:G:C	True	mutational	Drivers	exonic	4.353353	24.5	17622	0.7337640211313065
59	EGFR	+	Intron	14bf9bfb-14d6-4cac-a556-828f680e8a15	DO24307	7:55293602-55293602:C:T	7:55293602:C:T	False		Passengers in absence of driver	intergenic	0.156131	3.809	237600	0.1715923013593844
60	TP53	+	Missense_Mutation	15e097e3-e468-466c-8e57-b59fba90bbf2	DO25927	17:7578235-7578235:T:A	17:7578235:T:A	True	mutational	Drivers	exonic	3.481827	22.3	25760	0.389728751884803
61	MET	+	Intron	15e097e3-e468-466c-8e57-b59fba90bbf2	DO25927	7:116324146-116324146:C:T	7:116324146:C:T	False		Passengers in absence of driver	intronic	-0.03497	1.609	125997	0.070192900508526
62	KRAS	+	Missense_Mutation	199bbb0f-996c-40c1-b06d-2066f04be778	DO24729	12:25398284-25398284:C:A	12:25398284:C:A	True	mutational	Drivers	exonic	5.714751	31.0	46148	0.9571125130588207
63	NBEA	+	Intron	199bbb0f-996c-40c1-b06d-2066f04be778	DO24729	13:35714716-35714716:G:A	13:35714716:G:A	False		Passengers in absence of driver	intronic	-0.040948	1.561	730736	0.10012673825454406
64	NBEA	+	Intron	199bbb0f-996c-40c1-b06d-2066f04be778	DO24729	13:35822491-35822491:A:G	13:35822491:A:G	False		Passengers in absence of driver	intronic	0.27498	5.39	730736	0.12936807563977457
65	NBEA	+	Intron	199bbb0f-996c-40c1-b06d-2066f04be778	DO24729	13:35965560-35965560:A:T	13:35965560:A:T	False		Passengers in absence of driver	intronic	0.030148	2.219	730736	0.10670716836121505
66	NBEA	+	Intron	199bbb0f-996c-40c1-b06d-2066f04be778	DO24729	13:36121783-36121783:G:A	13:36121783:G:A	False		Passengers in absence of driver	intronic	0.470167	7.574	730736	0.1474339923049989
67	STK11	+	Intron	199bbb0f-996c-40c1-b06d-2066f04be778	DO24729	19:1225291-1225291:A:G	19:1225291:A:G	False		Passengers in absence of driver	intronic	0.228131	4.784	39023	0.10365620032975909
68	KEAP1	+	Missense_Mutation	199bbb0f-996c-40c1-b06d-2066f04be778	DO24729	19:10600474-10600474:T:C	19:10600474:T:C	True	mutational	Drivers	exonic	4.032206	23.7	17622	0.6795104343047377
69	KEAP1	+	Intron	199bbb0f-996c-40c1-b06d-2066f04be778	DO24729	19:10609494-10609494:C:A	19:10609494:C:A	False	mutational	Passengers in presence of driver	intronic	0.009933	2.013	17622	0.0
70	EGFR	+	Intron	199bbb0f-996c-40c1-b06d-2066f04be778	DO24729	7:55099441-55099441:C:T	7:55099441:C:T	False		Passengers in absence of driver	intronic	-0.493468	0.176	237600	0.06631634048787445
71	EGFR	+	Intron	199bbb0f-996c-40c1-b06d-2066f04be778	DO24729	7:55142793-55142793:C:A	7:55142793:C:A	False		Passengers in absence of driver	intronic	-0.434414	0.231	237600	0.07588680872028575
72	EGFR	+	Missense_Mutation	199bbb0f-996c-40c1-b06d-2066f04be778	DO24729	7:55266427-55266427:T:A	7:55266427:T:A	False		Passengers in absence of driver	exonic	2.71246	19.65	237600	0.5858786407452304
73	RBM10	+	Nonsense_Mutation	199bbb0f-996c-40c1-b06d-2066f04be778	DO24729	X:47045157-47045157:G:T	X:47045157:G:T	True	mutational	Drivers	exonic	9.322139	39.0	41945	0.9406262181419023
74	NBEA	+	Intron	23d77176-dfed-4bee-ac96-9934377d8d81	DO25847	13:35528005-35528005:G:T	13:35528005:G:T	False		Passengers in absence of driver	intronic	-0.377947	0.301	730736	0.06893513302333537
75	NBEA	+	Intron	23d77176-dfed-4bee-ac96-9934377d8d81	DO25847	13:35583923-35583923:G:C	13:35583923:G:C	False		Passengers in absence of driver	intronic	0.182275	4.168	730736	0.12078758203902441
76	NBEA	+	Intron	23d77176-dfed-4bee-ac96-9934377d8d81	DO25847	13:35588120-35588120:A:G	13:35588120:A:G	False		Passengers in absence of driver	intronic	0.327851	6.029	730736	0.13426165502778237
77	NBEA	+	Intron	23d77176-dfed-4bee-ac96-9934377d8d81	DO25847	13:35598558-35598558:C:T	13:35598558:C:T	False		Passengers in absence of driver	intronic	0.0361	2.283	730736	0.10725806742719492
78	NBEA	+	Intron	23d77176-dfed-4bee-ac96-9934377d8d81	DO25847	13:35761777-35761777:C:T	13:35761777:C:T	False		Passengers in absence of driver	intronic	-0.125668	1.012	730736	0.09228531203313688
79	NBEA	+	Intron	23d77176-dfed-4bee-ac96-9934377d8d81	DO25847	13:35868446-35868446:G:C	13:35868446:G:C	False		Passengers in absence of driver	intronic	0.234704	4.871	730736	0.12564025124773734
80	NBEA	+	Intron	23d77176-dfed-4bee-ac96-9934377d8d81	DO25847	13:35928651-35928651:C:T	13:35928651:C:T	False		Passengers in absence of driver	intronic	-0.268676	0.501	730736	0.07904892533494283
81	NBEA	+	Intron	23d77176-dfed-4bee-ac96-9934377d8d81	DO25847	13:35932429-35932429:G:T	13:35932429:G:T	False		Passengers in absence of driver	intronic	-0.180994	0.767	730736	0.08716450529180574
82	NBEA	+	Intron	23d77176-dfed-4bee-ac96-9934377d8d81	DO25847	13:36182971-36182971:A:T	13:36182971:A:T	False		Passengers in absence of driver	intronic	0.225577	4.751	730736	0.12479548381238813
83	NBEA	+	Intron	23d77176-dfed-4bee-ac96-9934377d8d81	DO25847	13:36188191-36188191:A:G	13:36188191:A:G	False		Passengers in absence of driver	intronic	0.220958	4.689	730736	0.12436796318306
84	NBEA	+	Intron	23d77176-dfed-4bee-ac96-9934377d8d81	DO25847	13:36193300-36193300:A:T	13:36193300:A:T	False		Passengers in absence of driver	intronic	0.210904	4.555	730736	0.12343739543955164
86	TP53	+	Missense_Mutation	23d77176-dfed-4bee-ac96-9934377d8d81	DO25847	17:7579373-7579373:C:T	17:7579373:C:T	True	mutational, CNA	Drivers	exonic	4.566659	25.1	25760	0.509581891926768
87	EGFR	+	Intron	23d77176-dfed-4bee-ac96-9934377d8d81	DO25847	7:55144460-55144460:C:T	7:55144460:C:T	False		Passengers in absence of driver	intronic	-0.344364	0.351	237600	0.0904805816116841
88	EGFR	+	Intron	23d77176-dfed-4bee-ac96-9934377d8d81	DO25847	7:55169645-55169645:G:T	7:55169645:G:T	False		Passengers in absence of driver	intronic	-0.201631	0.693	237600	0.11361231938078971
89	EGFR	+	Intron	23d77176-dfed-4bee-ac96-9934377d8d81	DO25847	7:55186508-55186508:G:T	7:55186508:G:T	False		Passengers in absence of driver	intronic	-0.056221	1.444	237600	0.13717789979320763
90	EGFR	+	Intron	23d77176-dfed-4bee-ac96-9934377d8d81	DO25847	7:55202121-55202121:A:G	7:55202121:A:G	False		Passengers in absence of driver	intronic	0.163517	3.911	237600	0.17278929865617362
91	EGFR	+	Intron	23d77176-dfed-4bee-ac96-9934377d8d81	DO25847	7:55203239-55203239:A:G	7:55203239:A:G	False		Passengers in absence of driver	intronic	-0.231047	0.6	237600	0.10884507425726529
92	EGFR	+	Intron	23d77176-dfed-4bee-ac96-9934377d8d81	DO25847	7:55224721-55224721:G:T	7:55224721:G:T	False		Passengers in absence of driver	intronic	0.080892	2.807	237600	0.1593988435184525
93	EGFR	+	IGR	23d77176-dfed-4bee-ac96-9934377d8d81	DO25847	7:55324666-55324666:G:A	7:55324666:G:A	False		Passengers in absence of driver	intergenic	0.12148	3.335	237600	0.16597665644589363
94	MET	+	Intron	23d77176-dfed-4bee-ac96-9934377d8d81	DO25847	7:116324009-116324009:A:T	7:116324009:A:T	False		Passengers in absence of driver	intronic	-0.027573	1.67	125997	0.07124588227473103
95	MET	+	Intron	23d77176-dfed-4bee-ac96-9934377d8d81	DO25847	7:116381097-116381097:C:T	7:116381097:C:T	False		Passengers in absence of driver	intronic	0.132649	3.486	125997	0.0940538915413122
96	MET	+	Intron	23d77176-dfed-4bee-ac96-9934377d8d81	DO25847	7:116391854-116391854:G:C	7:116391854:G:C	False		Passengers in absence of driver	intronic	-0.528062	0.151	125997	0.0
97	RBM10	+	Intron	23d77176-dfed-4bee-ac96-9934377d8d81	DO25847	X:47020889-47020889:C:T	X:47020889:C:T	False		Passengers in absence of driver	intronic	-0.378617	0.3	41945	0.02503126465899577
99	NBEA	+	Intron	23d86395-9e20-4cf9-bf7e-f76544a1f772	DO23786	13:35626496-35626496:A:T	13:35626496:A:T	False		Passengers in absence of driver	intronic	0.080947	2.807	730736	0.11140896971415726
100	NBEA	+	Intron	23d86395-9e20-4cf9-bf7e-f76544a1f772	DO23786	13:35847849-35847849:A:T	13:35847849:A:T	False		Passengers in absence of driver	intronic	-0.588842	0.115	730736	0.0494153315247085
101	STK11	+	Missense_Mutation	23d86395-9e20-4cf9-bf7e-f76544a1f772	DO23786	19:1220449-1220449:A:T	19:1220449:A:T	True	mutational, CNA	Drivers	exonic	4.844804	26.0	39023	0.7071565147813147
102	KEAP1	+	Missense_Mutation	23d86395-9e20-4cf9-bf7e-f76544a1f772	DO23786	19:10602581-10602581:C:T	19:10602581:C:T	True	mutational	Drivers	exonic	5.929302	32.0	17622	1.0
103	EGFR	+	Intron	23d86395-9e20-4cf9-bf7e-f76544a1f772	DO23786	7:55088059-55088059:C:T	7:55088059:C:T	False		Passengers in absence of driver	intronic	0.945642	11.62	237600	0.2995428202851012
104	EGFR	+	Intron	23d86395-9e20-4cf9-bf7e-f76544a1f772	DO23786	7:55218936-55218936:C:T	7:55218936:C:T	False		Passengers in absence of driver	intronic	0.174778	4.066	237600	0.1746142900668348
105	RBM10	+	Intron	23d86395-9e20-4cf9-bf7e-f76544a1f772	DO23786	X:47038899-47038899:G:A	X:47038899:G:A	False		Passengers in absence of driver	intronic	3.562797	22.5	41945	0.397037195741777
106	NBEA	+	Intron	2bde43e2-fd4e-413e-adc7-c50bca75d358	DO23744	13:35701937-35701937:A:T	13:35701937:A:T	False		Passengers in absence of driver	intronic	0.409389	6.94	730736	0.14180856498105313
107	NBEA	+	Missense_Mutation	2bde43e2-fd4e-413e-adc7-c50bca75d358	DO23744	13:35770394-35770394:G:T	13:35770394:G:T	False		Passengers in absence of driver	exonic	3.661771	22.8	730736	0.4428391775499005
108	NBEA	+	Intron	2bde43e2-fd4e-413e-adc7-c50bca75d358	DO23744	13:35778386-35778386:G:T	13:35778386:G:T	False		Passengers in absence of driver	intronic	-0.180403	0.769	730736	0.08721920645914345
109	NBEA	+	Intron	2bde43e2-fd4e-413e-adc7-c50bca75d358	DO23744	13:35837634-35837634:A:G	13:35837634:A:G	False		Passengers in absence of driver	intronic	0.132347	3.482	730736	0.11616639780410447
110	NBEA	+	Intron	2bde43e2-fd4e-413e-adc7-c50bca75d358	DO23744	13:35937847-35937847:A:T	13:35937847:A:T	False		Passengers in absence of driver	intronic	0.289713	5.573	730736	0.1307317174306149
111	NBEA	+	Intron	2bde43e2-fd4e-413e-adc7-c50bca75d358	DO23744	13:35950910-35950910:G:T	13:35950910:G:T	False		Passengers in absence of driver	intronic	-0.255193	0.535	730736	0.08029687091737005
112	NBEA	+	Intron	2bde43e2-fd4e-413e-adc7-c50bca75d358	DO23744	13:36133479-36133479:C:T	13:36133479:C:T	False		Passengers in absence of driver	intronic	-0.571057	0.125	730736	0.05106145717801027
113	NBEA	+	Intron	2bde43e2-fd4e-413e-adc7-c50bca75d358	DO23744	13:36189707-36189707:C:T	13:36189707:C:T	False		Passengers in absence of driver	intronic	0.266218	5.279	730736	0.12855709149728203
114	NBEA	+	3'UTR	2bde43e2-fd4e-413e-adc7-c50bca75d358	DO23744	13:36245797-36245797:A:G	13:36245797:A:G	False		Passengers in absence of driver	UTR3	0.396129	6.797	730736	0.1405812596022068
115	TP53	+	Splice_Site	2bde43e2-fd4e-413e-adc7-c50bca75d358	DO23744	17:7578556-7578556:T:A	17:7578556:T:A	True	mutational, CNA	Drivers	splicing	7.138205	35.0	25760	0.7936884290333015
116	STK11	+	Intron	2bde43e2-fd4e-413e-adc7-c50bca75d358	DO23744	19:1200725-1200725:G:T	19:1200725:G:T	False		Passengers in absence of driver	intergenic	-0.25453	0.536	39023	0.04056183231333206
117	EGFR	+	Intron	2bde43e2-fd4e-413e-adc7-c50bca75d358	DO23744	7:55241274-55241274:G:T	7:55241274:G:T	False		Passengers in absence of driver	intronic	-0.171033	0.806	237600	0.11857112296691971
118	EGFR	+	Intron	2bde43e2-fd4e-413e-adc7-c50bca75d358	DO23744	7:55306255-55306255:C:A	7:55306255:C:A	False		Passengers in absence of driver	ncRNA	-0.310759	0.411	237600	0.09592670863017873
119	EGFR	+	Intron	2bde43e2-fd4e-413e-adc7-c50bca75d358	DO23744	7:55307112-55307112:A:T	7:55307112:A:T	False		Passengers in absence of driver	ncRNA	-0.098284	1.164	237600	0.1303610439450023
120	MET	+	Intron	2bde43e2-fd4e-413e-adc7-c50bca75d358	DO23744	7:116390187-116390187:A:T	7:116390187:A:T	False		Passengers in absence of driver	intronic	0.027191	2.188	125997	0.07904167698129473
121	MET	+	Intron	2bde43e2-fd4e-413e-adc7-c50bca75d358	DO23744	7:116416499-116416499:G:A	7:116416499:G:A	False		Passengers in absence of driver	intronic	0.192115	4.302	125997	0.10251902790864327
123	KRAS	+	Missense_Mutation	309f5324-5608-4f62-b744-5ab268b70927	DO23687	12:25398284-25398284:C:G	12:25398284:C:G	True	mutational	Drivers	exonic	5.344627	28.4	46148	0.9000730323078964
125	ATM	+	Intron	3b20d548-2a7d-4031-85a1-425ca7201d7a	DO25797	11:108107864-108107864:G:C	11:108107864:G:C	False		Passengers in absence of driver	intronic	-0.253155	0.54	146619	0.13401261841639867
126	ATM	+	Intron	3b20d548-2a7d-4031-85a1-425ca7201d7a	DO25797	11:108112579-108112579:A:T	11:108112579:A:T	False		Passengers in absence of driver	intronic	0.091899	2.946	146619	0.16798021957749537
127	ATM	+	Intron	3b20d548-2a7d-4031-85a1-425ca7201d7a	DO25797	11:108122063-108122063:A:G	11:108122063:A:G	False		Passengers in absence of driver	intronic	-0.05912	1.423	146619	0.15311369677310052
128	ATM	+	Intron	3b20d548-2a7d-4031-85a1-425ca7201d7a	DO25797	11:108125311-108125311:G:T	11:108125311:G:T	False		Passengers in absence of driver	intronic	-1.614499	0.003	146619	0.0
129	ATM	+	Intron	3b20d548-2a7d-4031-85a1-425ca7201d7a	DO25797	11:108194094-108194094:G:A	11:108194094:G:A	False		Passengers in absence of driver	intronic	0.013606	2.049	146619	0.16027294651963853
130	KRAS	+	Intron	3b20d548-2a7d-4031-85a1-425ca7201d7a	DO25797	12:25401091-25401091:G:C	12:25401091:G:C	False		Passengers in absence of driver	intronic	-0.17534	0.789	46148	0.049395822934178914
131	NBEA	+	5'Flank	3b20d548-2a7d-4031-85a1-425ca7201d7a	DO25797	13:35515559-35515559:T:G	13:35515559:T:G	False		Passengers in absence of driver	upstream	0.155279	3.797	730736	0.11828891416516808
132	NBEA	+	Intron	3b20d548-2a7d-4031-85a1-425ca7201d7a	DO25797	13:35529584-35529584:G:T	13:35529584:G:T	False		Passengers in absence of driver	intronic	-0.013551	1.792	730736	0.10266252147205931
133	NBEA	+	Intron	3b20d548-2a7d-4031-85a1-425ca7201d7a	DO25797	13:35532361-35532361:A:C	13:35532361:A:C	False		Passengers in absence of driver	intronic	-0.131792	0.981	730736	0.09171849316887934
134	NBEA	+	Intron	3b20d548-2a7d-4031-85a1-425ca7201d7a	DO25797	13:35542123-35542123:C:T	13:35542123:C:T	False		Passengers in absence of driver	intronic	-0.010225	1.822	730736	0.10297036594340493
135	NBEA	+	Intron	3b20d548-2a7d-4031-85a1-425ca7201d7a	DO25797	13:35547737-35547737:C:T	13:35547737:C:T	False		Passengers in absence of driver	intronic	0.744833	10.1	730736	0.17285624412899592
136	NBEA	+	Intron	3b20d548-2a7d-4031-85a1-425ca7201d7a	DO25797	13:35555429-35555429:G:C	13:35555429:G:C	False		Passengers in absence of driver	intronic	0.065821	2.623	730736	0.11000895303539183
137	NBEA	+	Intron	3b20d548-2a7d-4031-85a1-425ca7201d7a	DO25797	13:35563118-35563118:C:T	13:35563118:C:T	False		Passengers in absence of driver	intronic	0.438292	7.246	730736	0.1444837389904645
138	NBEA	+	Intron	3b20d548-2a7d-4031-85a1-425ca7201d7a	DO25797	13:35575243-35575243:G:T	13:35575243:G:T	False		Passengers in absence of driver	intronic	0.012478	2.038	730736	0.10507168675908726
139	NBEA	+	Intron	3b20d548-2a7d-4031-85a1-425ca7201d7a	DO25797	13:35576914-35576914:G:T	13:35576914:G:T	False		Passengers in absence of driver	intronic	-0.359398	0.328	730736	0.07065197219921925
140	NBEA	+	Intron	3b20d548-2a7d-4031-85a1-425ca7201d7a	DO25797	13:35615907-35615907:A:T	13:35615907:A:T	False		Passengers in absence of driver	intronic	-0.08938	1.218	730736	0.09564401924185292
141	NBEA	+	Missense_Mutation	3b20d548-2a7d-4031-85a1-425ca7201d7a	DO25797	13:35624523-35624523:A:T	13:35624523:A:T	False		Passengers in absence of driver	exonic	1.634368	15.32	730736	0.2551889055296031
142	NBEA	+	Intron	3b20d548-2a7d-4031-85a1-425ca7201d7a	DO25797	13:35627357-35627357:A:G	13:35627357:A:G	False		Passengers in absence of driver	intronic	-0.059245	1.422	730736	0.09843322343427627
143	NBEA	+	Intron	3b20d548-2a7d-4031-85a1-425ca7201d7a	DO25797	13:35670545-35670545:A:G	13:35670545:A:G	False		Passengers in absence of driver	intronic	0.885671	11.19	730736	0.1858917822093848
144	NBEA	+	Intron	3b20d548-2a7d-4031-85a1-425ca7201d7a	DO25797	13:35710858-35710858:G:T	13:35710858:G:T	False		Passengers in absence of driver	intronic	0.634866	9.145	730736	0.162678032168544
145	NBEA	+	Intron	3b20d548-2a7d-4031-85a1-425ca7201d7a	DO25797	13:35726568-35726568:C:T	13:35726568:C:T	False		Passengers in absence of driver	intronic	-0.180252	0.77	730736	0.08723318256111977
146	NBEA	+	Intron	3b20d548-2a7d-4031-85a1-425ca7201d7a	DO25797	13:35760919-35760919:T:C	13:35760919:T:C	False		Passengers in absence of driver	intronic	0.094012	2.973	730736	0.1126182264844911
147	NBEA	+	Intron	3b20d548-2a7d-4031-85a1-425ca7201d7a	DO25797	13:35805483-35805483:A:G	13:35805483:A:G	False		Passengers in absence of driver	intronic	0.171214	4.017	730736	0.11976380943001846
148	NBEA	+	Intron	3b20d548-2a7d-4031-85a1-425ca7201d7a	DO25797	13:35833735-35833735:A:T	13:35833735:A:T	False		Passengers in absence of driver	intronic	0.002514	1.941	730736	0.10414944914258464
149	NBEA	+	Intron	3b20d548-2a7d-4031-85a1-425ca7201d7a	DO25797	13:35836920-35836920:G:T	13:35836920:G:T	False		Passengers in absence of driver	intronic	0.102177	3.078	730736	0.11337395411784557
150	NBEA	+	Intron	3b20d548-2a7d-4031-85a1-425ca7201d7a	DO25797	13:35852357-35852357:G:T	13:35852357:G:T	False		Passengers in absence of driver	intronic	-0.012535	1.801	730736	0.1027565593502575
151	NBEA	+	Intron	3b20d548-2a7d-4031-85a1-425ca7201d7a	DO25797	13:35857208-35857208:G:T	13:35857208:G:T	False		Passengers in absence of driver	intronic	-0.298633	0.435	730736	0.07627619628259753
152	NBEA	+	Intron	3b20d548-2a7d-4031-85a1-425ca7201d7a	DO25797	13:35874708-35874708:A:G	13:35874708:A:G	False		Passengers in absence of driver	intronic	-0.155017	0.873	730736	0.0895688576165637
153	NBEA	+	Intron	3b20d548-2a7d-4031-85a1-425ca7201d7a	DO25797	13:35910690-35910690:A:T	13:35910690:A:T	False		Passengers in absence of driver	intronic	0.050041	2.438	730736	0.10854840410038469
154	NBEA	+	Intron	3b20d548-2a7d-4031-85a1-425ca7201d7a	DO25797	13:35939821-35939821:A:G	13:35939821:A:G	False		Passengers in absence of driver	intronic	0.028415	2.201	730736	0.1065467671378711
155	NBEA	+	Intron	3b20d548-2a7d-4031-85a1-425ca7201d7a	DO25797	13:35963115-35963115:A:G	13:35963115:A:G	False		Passengers in absence of driver	intronic	-0.628238	0.097	730736	0.04576895726339408
156	NBEA	+	Intron	3b20d548-2a7d-4031-85a1-425ca7201d7a	DO25797	13:35980108-35980108:G:A	13:35980108:G:A	False		Passengers in absence of driver	intronic	-0.187125	0.744	730736	0.0865970385287811
157	NBEA	+	Intron	3b20d548-2a7d-4031-85a1-425ca7201d7a	DO25797	13:35986900-35986900:A:G	13:35986900:A:G	False		Passengers in absence of driver	intronic	-0.115498	1.066	730736	0.09322661638478595
158	NBEA	+	Intron	3b20d548-2a7d-4031-85a1-425ca7201d7a	DO25797	13:36046755-36046755:A:G	13:36046755:A:G	False		Passengers in absence of driver	intronic	0.581113	8.654	730736	0.15770281753587995
159	NBEA	+	Intron	3b20d548-2a7d-4031-85a1-425ca7201d7a	DO25797	13:36078158-36078158:G:A	13:36078158:G:A	False		Passengers in absence of driver	intronic	-0.457221	0.208	730736	0.06159777204274244
160	NBEA	+	Intron	3b20d548-2a7d-4031-85a1-425ca7201d7a	DO25797	13:36084152-36084152:G:C	13:36084152:G:C	False		Passengers in absence of driver	intronic	-0.280712	0.473	730736	0.07793490968337465
161	NBEA	+	Intron	3b20d548-2a7d-4031-85a1-425ca7201d7a	DO25797	13:36098850-36098850:G:A	13:36098850:G:A	False		Passengers in absence of driver	intronic	-0.066958	1.367	730736	0.09771933154988398
162	NBEA	+	Intron	3b20d548-2a7d-4031-85a1-425ca7201d7a	DO25797	13:36106147-36106147:G:T	13:36106147:G:T	False		Passengers in absence of driver	intronic	0.766893	10.28	730736	0.17489805081507054
163	NBEA	+	Intron	3b20d548-2a7d-4031-85a1-425ca7201d7a	DO25797	13:36147428-36147428:A:T	13:36147428:A:T	False		Passengers in absence of driver	intronic	-0.045281	1.527	730736	0.09972568891770085
164	NBEA	+	Intron	3b20d548-2a7d-4031-85a1-425ca7201d7a	DO25797	13:36218002-36218002:A:T	13:36218002:A:T	False		Passengers in absence of driver	intronic	-1.122733	0.014	730736	0.0
165	NBEA	+	Intron	3b20d548-2a7d-4031-85a1-425ca7201d7a	DO25797	13:36228019-36228019:G:C	13:36228019:G:C	False		Passengers in absence of driver	intronic	0.128126	3.425	730736	0.11577571484753507
166	NBEA	+	Missense_Mutation	3b20d548-2a7d-4031-85a1-425ca7201d7a	DO25797	13:36241513-36241513:G:T	13:36241513:G:T	False		Passengers in absence of driver	exonic	5.53366	29.5	730736	0.6160955454460724
167	STK11	+	Intron	3b20d548-2a7d-4031-85a1-425ca7201d7a	DO25797	19:1200752-1200752:A:C	19:1200752:A:C	False		Passengers in absence of driver	intergenic	0.103575	3.097	39023	0.08737400205259543
168	EGFR	+	Intron	3b20d548-2a7d-4031-85a1-425ca7201d7a	DO25797	7:55106712-55106712:G:A	7:55106712:G:A	False		Passengers in absence of driver	intronic	-0.030916	1.642	237600	0.14127890393553783
169	EGFR	+	Intron	3b20d548-2a7d-4031-85a1-425ca7201d7a	DO25797	7:55112161-55112161:G:T	7:55112161:G:T	False		Passengers in absence of driver	intronic	0.003758	1.952	237600	0.14689827629796257
170	EGFR	+	Intron	3b20d548-2a7d-4031-85a1-425ca7201d7a	DO25797	7:55130972-55130972:A:G	7:55130972:A:G	False		Passengers in absence of driver	intronic	-0.593366	0.113	237600	0.050126571200757176
171	EGFR	+	Intron	3b20d548-2a7d-4031-85a1-425ca7201d7a	DO25797	7:55154799-55154799:G:T	7:55154799:G:T	False		Passengers in absence of driver	intronic	0.024832	2.163	237600	0.15031359189944316
172	EGFR	+	Intron	3b20d548-2a7d-4031-85a1-425ca7201d7a	DO25797	7:55161245-55161245:G:T	7:55161245:G:T	False		Passengers in absence of driver	intronic	0.027501	2.191	237600	0.15074613803877843
173	EGFR	+	Intron	3b20d548-2a7d-4031-85a1-425ca7201d7a	DO25797	7:55167463-55167463:G:T	7:55167463:G:T	False		Passengers in absence of driver	intronic	-0.173825	0.795	237600	0.11811864307893764
174	EGFR	+	Intron	3b20d548-2a7d-4031-85a1-425ca7201d7a	DO25797	7:55252785-55252785:C:G	7:55252785:C:G	False		Passengers in absence of driver	ncRNA	0.218667	4.659	237600	0.18172707294779628
175	EGFR	+	Intron	3b20d548-2a7d-4031-85a1-425ca7201d7a	DO25797	7:55253307-55253307:C:G	7:55253307:C:G	False		Passengers in absence of driver	ncRNA	-0.135504	0.963	237600	0.12432905919188908
176	EGFR	+	Intron	3b20d548-2a7d-4031-85a1-425ca7201d7a	DO25797	7:55255012-55255012:C:T	7:55255012:C:T	False		Passengers in absence of driver	ncRNA	0.076191	2.748	237600	0.15863698536895263
177	EGFR	+	Intron	3b20d548-2a7d-4031-85a1-425ca7201d7a	DO25797	7:55255016-55255016:C:G	7:55255016:C:G	False		Passengers in absence of driver	ncRNA	0.221661	4.699	237600	0.18221228956119823
178	EGFR	+	Intron	3b20d548-2a7d-4031-85a1-425ca7201d7a	DO25797	7:55256168-55256168:C:G	7:55256168:C:G	False		Passengers in absence of driver	ncRNA	0.262621	5.233	237600	0.18885038992357112
179	EGFR	+	Intron	3b20d548-2a7d-4031-85a1-425ca7201d7a	DO25797	7:55256330-55256330:C:G	7:55256330:C:G	False		Passengers in absence of driver	ncRNA	0.50635	7.937	237600	0.2283498421506408
180	EGFR	+	Intron	3b20d548-2a7d-4031-85a1-425ca7201d7a	DO25797	7:55256500-55256500:C:G	7:55256500:C:G	False		Passengers in absence of driver	ncRNA	0.291455	5.594	237600	0.19352331438276685
181	EGFR	+	Intron	3b20d548-2a7d-4031-85a1-425ca7201d7a	DO25797	7:55258026-55258026:C:T	7:55258026:C:T	False		Passengers in absence of driver	intronic	-0.004864	1.871	237600	0.14550096913672284
182	EGFR	+	Intron	3b20d548-2a7d-4031-85a1-425ca7201d7a	DO25797	7:55258764-55258764:C:T	7:55258764:C:T	False		Passengers in absence of driver	intronic	-0.041024	1.56	237600	0.13964077116056556
183	EGFR	+	Intron	3b20d548-2a7d-4031-85a1-425ca7201d7a	DO25797	7:55259306-55259306:C:G	7:55259306:C:G	False		Passengers in absence of driver	intronic	-0.318063	0.397	237600	0.09474300049915405
184	EGFR	+	Silent	3b20d548-2a7d-4031-85a1-425ca7201d7a	DO25797	7:55259501-55259501:C:T	7:55259501:C:T	False		Passengers in absence of driver	exonic	0.945695	11.62	237600	0.29955140962394905
185	EGFR	+	Intron	3b20d548-2a7d-4031-85a1-425ca7201d7a	DO25797	7:55284050-55284050:A:G	7:55284050:A:G	False		Passengers in absence of driver	intergenic	0.303519	5.741	237600	0.195478442380122
186	EGFR	+	Intron	3b20d548-2a7d-4031-85a1-425ca7201d7a	DO25797	7:55303828-55303828:C:G	7:55303828:C:G	False		Passengers in absence of driver	intergenic	-0.152583	0.883	237600	0.1215611852639358
187	EGFR	+	Intron	3b20d548-2a7d-4031-85a1-425ca7201d7a	DO25797	7:55306946-55306946:T:C	7:55306946:T:C	False		Passengers in absence of driver	ncRNA	0.75901	10.21	237600	0.2692966790050628
188	EGFR	+	Intron	3b20d548-2a7d-4031-85a1-425ca7201d7a	DO25797	7:55319970-55319970:C:A	7:55319970:C:A	False		Passengers in absence of driver	ncRNA	-0.018092	1.752	237600	0.14335719981071043
189	MET	+	Intron	3b20d548-2a7d-4031-85a1-425ca7201d7a	DO25797	7:116408348-116408348:C:G	7:116408348:C:G	False		Passengers in absence of driver	intronic	1.302603	13.77	125997	0.26059981952544503
190	MET	+	IGR	3b20d548-2a7d-4031-85a1-425ca7201d7a	DO25797	7:116438647-116438647:G:T	7:116438647:G:T	False		Passengers in absence of driver	downstream	0.101029	3.063	125997	0.08955270410756842
191	ATM	+	Intron	46693a2b-5105-4770-a9e1-031dfedeb694	DO25010	11:108163274-108163274:T:G	11:108163274:T:G	False		Passengers in absence of driver	intronic	0.866276	11.05	146619	0.24421098080422102
192	NBEA	+	Intron	46693a2b-5105-4770-a9e1-031dfedeb694	DO25010	13:35667317-35667317:G:A	13:35667317:G:A	False		Passengers in absence of driver	intronic	0.157929	3.834	730736	0.11853419012700389
193	NBEA	+	Intron	46693a2b-5105-4770-a9e1-031dfedeb694	DO25010	13:35804698-35804698:C:T	13:35804698:C:T	False		Passengers in absence of driver	intronic	-0.058735	1.425	730736	0.09848042748730881
194	NBEA	+	Intron	46693a2b-5105-4770-a9e1-031dfedeb694	DO25010	13:35834819-35834819:G:A	13:35834819:G:A	False		Passengers in absence of driver	intronic	-0.509587	0.164	730736	0.05675093392293355
195	NBEA	+	Intron	46693a2b-5105-4770-a9e1-031dfedeb694	DO25010	13:35835297-35835297:G:T	13:35835297:G:T	False		Passengers in absence of driver	intronic	-0.074169	1.317	730736	0.09705190326279042
196	NBEA	+	Intron	46693a2b-5105-4770-a9e1-031dfedeb694	DO25010	13:36081033-36081033:G:C	13:36081033:G:C	False		Passengers in absence of driver	intronic	0.017347	2.087	730736	0.10552234663009802
197	NBEA	+	Intron	46693a2b-5105-4770-a9e1-031dfedeb694	DO25010	13:36101373-36101373:C:T	13:36101373:C:T	False		Passengers in absence of driver	intronic	0.197534	4.376	730736	0.12219990879436497
198	NBEA	+	Intron	46693a2b-5105-4770-a9e1-031dfedeb694	DO25010	13:36178746-36178746:G:A	13:36178746:G:A	False		Passengers in absence of driver	intronic	0.092796	2.957	730736	0.11250567721294684
200	KEAP1	+	Splice_Site	46693a2b-5105-4770-a9e1-031dfedeb694	DO25010	19:10599866-10599866:A:T	19:10599866:A:T	False		Passengers in absence of driver	splicing	5.866199	32.0	17622	0.9893395731876151
201	EGFR	+	Intron	46693a2b-5105-4770-a9e1-031dfedeb694	DO25010	7:55194806-55194806:G:C	7:55194806:G:C	False		Passengers in absence of driver	intronic	-0.057813	1.432	237600	0.13691989550177946
202	RBM10	+	IGR	46693a2b-5105-4770-a9e1-031dfedeb694	DO25010	X:47046515-47046515:T:C	X:47046515:T:C	False		Passengers in absence of driver	downstream	0.12318	3.358	41945	0.07239281059138103
203	KRAS	+	5'Flank	49dec0c2-8e75-4f44-a253-82b2ea605890	DO25622	12:25406505-25406505:T:G	12:25406505:T:G	False		Passengers in absence of driver	intergenic	0.177999	4.11	46148	0.10384858225011323
204	NBEA	+	Intron	49dec0c2-8e75-4f44-a253-82b2ea605890	DO25622	13:35641207-35641207:G:A	13:35641207:G:A	False		Passengers in absence of driver	intronic	0.505939	7.933	730736	0.150744940118882
205	NBEA	+	Intron	49dec0c2-8e75-4f44-a253-82b2ea605890	DO25622	13:35747367-35747367:C:T	13:35747367:C:T	False		Passengers in absence of driver	intronic	0.10389	3.101	730736	0.1135325042018549
206	NBEA	+	Intron	49dec0c2-8e75-4f44-a253-82b2ea605890	DO25622	13:35813779-35813779:T:G	13:35813779:T:G	False		Passengers in absence of driver	intronic	-0.069881	1.346	730736	0.09744878753613076
207	NBEA	+	Intron	49dec0c2-8e75-4f44-a253-82b2ea605890	DO25622	13:35880110-35880110:C:T	13:35880110:C:T	False		Passengers in absence of driver	intronic	-0.30778	0.417	730736	0.07542957770791373
208	NBEA	+	Intron	49dec0c2-8e75-4f44-a253-82b2ea605890	DO25622	13:36005447-36005447:G:A	13:36005447:G:A	False		Passengers in absence of driver	intronic	1.038047	12.24	730736	0.19999524257191004
209	NBEA	+	Intron	49dec0c2-8e75-4f44-a253-82b2ea605890	DO25622	13:36010583-36010583:C:T	13:36010583:C:T	False		Passengers in absence of driver	intronic	0.109552	3.175	730736	0.11405656174748294
210	NBEA	+	Intron	49dec0c2-8e75-4f44-a253-82b2ea605890	DO25622	13:36061116-36061116:A:C	13:36061116:A:C	False		Passengers in absence of driver	intronic	-0.091882	1.202	730736	0.09541244171109324
211	NBEA	+	Intron	49dec0c2-8e75-4f44-a253-82b2ea605890	DO25622	13:36081440-36081440:T:A	13:36081440:T:A	False		Passengers in absence of driver	intronic	0.230641	4.817	730736	0.12526419229191135
212	NBEA	+	Intron	49dec0c2-8e75-4f44-a253-82b2ea605890	DO25622	13:36212355-36212355:A:G	13:36212355:A:G	False		Passengers in absence of driver	intronic	1.022528	12.14	730736	0.19855885100521958
213	KEAP1	+	Missense_Mutation	49dec0c2-8e75-4f44-a253-82b2ea605890	DO25622	19:10602775-10602775:A:G	19:10602775:A:G	True	mutational	Drivers	exonic	5.392355	28.7	17622	0.909289824641782
214	EGFR	+	Intron	49dec0c2-8e75-4f44-a253-82b2ea605890	DO25622	7:55167787-55167787:C:T	7:55167787:C:T	False		Passengers in absence of driver	intronic	0.025784	2.173	237600	0.15046787587270924
215	EGFR	+	Intron	49dec0c2-8e75-4f44-a253-82b2ea605890	DO25622	7:55170552-55170552:C:T	7:55170552:C:T	False		Passengers in absence of driver	intronic	-0.191304	0.729	237600	0.11528594395213307
216	EGFR	+	Intron	49dec0c2-8e75-4f44-a253-82b2ea605890	DO25622	7:55257712-55257712:G:A	7:55257712:G:A	False		Passengers in absence of driver	intronic	-0.189934	0.734	237600	0.11550797025819878
217	RBM10	+	Intron	49dec0c2-8e75-4f44-a253-82b2ea605890	DO25622	X:47006900-47006900:G:T	X:47006900:G:T	False		Passengers in absence of driver	intronic	1.824124	16.1	41945	0.23293449853374643
219	TP53	+	Missense_Mutation	52910a60-bb15-4ba5-9d09-50d8ee6a445b	DO24497	17:7578442-7578442:T:C	17:7578442:T:C	True	mutational	Drivers	exonic	4.171753	24.1	25760	0.4659523491759897
220	EGFR	+	Intron	52910a60-bb15-4ba5-9d09-50d8ee6a445b	DO24497	7:55139053-55139053:A:T	7:55139053:A:T	False		Passengers in absence of driver	intronic	-0.902669	0.031	237600	0.0
221	MET	+	Intron	52910a60-bb15-4ba5-9d09-50d8ee6a445b	DO24497	7:116369622-116369622:G:A	7:116369622:G:A	False		Passengers in absence of driver	intronic	-0.015365	1.776	125997	0.0729837221289734
223	ATM	+	Intron	53bb7112-3e38-45fe-a9c4-1b0871babf4a	DO25104	11:108108337-108108337:G:A	11:108108337:G:A	False		Passengers in absence of driver	intronic	0.136241	3.536	146619	0.17234530843513898
224	ATM	+	Intron	53bb7112-3e38-45fe-a9c4-1b0871babf4a	DO25104	11:108140485-108140485:G:A	11:108140485:G:A	False		Passengers in absence of driver	intronic	-0.151384	0.889	146619	0.14403109882168588
225	NBEA	+	Intron	53bb7112-3e38-45fe-a9c4-1b0871babf4a	DO25104	13:35547477-35547477:G:T	13:35547477:G:T	False		Passengers in absence of driver	intronic	1.28183	13.66	730736	0.2225590575923693
226	NBEA	+	Intron	53bb7112-3e38-45fe-a9c4-1b0871babf4a	DO25104	13:35838709-35838709:G:T	13:35838709:G:T	False		Passengers in absence of driver	intronic	0.009861	2.012	730736	0.10482946517715357
227	NBEA	+	Intron	53bb7112-3e38-45fe-a9c4-1b0871babf4a	DO25104	13:35996286-35996286:A:G	13:35996286:A:G	False		Passengers in absence of driver	intronic	-0.024877	1.693	730736	0.10161422126686978
228	NBEA	+	Intron	53bb7112-3e38-45fe-a9c4-1b0871babf4a	DO25104	13:36040336-36040336:G:A	13:36040336:G:A	False		Passengers in absence of driver	intronic	0.308426	5.8	730736	0.1324637359490426
229	NBEA	+	Intron	53bb7112-3e38-45fe-a9c4-1b0871babf4a	DO25104	13:36104875-36104875:G:T	13:36104875:G:T	False		Passengers in absence of driver	intronic	1.155864	12.96	730736	0.2109000267211963
230	TP53	+	Splice_Site	53bb7112-3e38-45fe-a9c4-1b0871babf4a	DO25104	17:7578177-7578177:C:A	17:7578177:C:A	True	mutational	Drivers	exonic	6.815132	34.0	25760	0.7579950557618846
231	STK11	+	Splice_Site	53bb7112-3e38-45fe-a9c4-1b0871babf4a	DO25104	19:1220370-1220370:A:C	19:1220370:A:C	True	mutational, CNA	Drivers	splicing	5.732862	31.0	39023	0.823245153125685
232	EGFR	+	Intron	53bb7112-3e38-45fe-a9c4-1b0871babf4a	DO25104	7:55192704-55192704:G:T	7:55192704:G:T	False		Passengers in absence of driver	intronic	0.037947	2.303	237600	0.15243904810678008
233	EGFR	+	Intron	53bb7112-3e38-45fe-a9c4-1b0871babf4a	DO25104	7:55220828-55220828:G:T	7:55220828:G:T	False		Passengers in absence of driver	intronic	0.041111	2.338	237600	0.15295181542969383
234	MET	+	Intron	53bb7112-3e38-45fe-a9c4-1b0871babf4a	DO25104	7:116418409-116418409:A:T	7:116418409:A:T	False		Passengers in absence of driver	intronic	-0.199085	0.702	125997	0.04683071278908065
237	ATM	+	Nonsense_Mutation	53d32d8b-5649-42b0-8c52-2c39af2a961b	DO24467	11:108160401-108160401:A:T	11:108160401:A:T	True	mutational	Drivers	exonic	8.543828	37.0	146619	1.0
238	KRAS	+	Intron	53d32d8b-5649-42b0-8c52-2c39af2a961b	DO24467	12:25367654-25367654:G:A	12:25367654:G:A	False	mutational	Passengers in presence of driver	intronic	0.280747	5.462	46148	0.119682985229104
239	KRAS	+	Intron	53d32d8b-5649-42b0-8c52-2c39af2a961b	DO24467	12:25393176-25393176:G:C	12:25393176:G:C	False	mutational	Passengers in presence of driver	intronic	-0.495865	0.174	46148	0.0
240	KRAS	+	Missense_Mutation	53d32d8b-5649-42b0-8c52-2c39af2a961b	DO24467	12:25398284-25398284:C:A	12:25398284:C:A	True	mutational	Drivers	exonic	5.714751	31.0	46148	0.9571125130588207
241	NBEA	+	Intron	53d32d8b-5649-42b0-8c52-2c39af2a961b	DO24467	13:36078227-36078227:G:T	13:36078227:G:T	False		Passengers in absence of driver	intronic	0.088868	2.907	730736	0.11214211344762946
242	NBEA	+	Intron	53d32d8b-5649-42b0-8c52-2c39af2a961b	DO24467	13:36224999-36224999:C:A	13:36224999:C:A	False		Passengers in absence of driver	intronic	0.24453	4.999	730736	0.12654971600283113
243	EGFR	+	Intron	53d32d8b-5649-42b0-8c52-2c39af2a961b	DO24467	7:55256413-55256413:G:C	7:55256413:G:C	False		Passengers in absence of driver	ncRNA	0.118907	3.3	237600	0.16555966835428268
244	EGFR	+	Intron	53d32d8b-5649-42b0-8c52-2c39af2a961b	DO24467	7:55259310-55259310:G:A	7:55259310:G:A	False		Passengers in absence of driver	intronic	-0.535129	0.146	237600	0.059564633964514696
245	EGFR	+	Intron	53d32d8b-5649-42b0-8c52-2c39af2a961b	DO24467	7:55314332-55314332:C:T	7:55314332:C:T	False		Passengers in absence of driver	ncRNA	-0.040981	1.56	237600	0.13964773986944204
249	ATM	+	Intron	5a7f3c88-ef02-4e97-8009-5622245b6a09	DO23651	11:108202292-108202292:A:C	11:108202292:A:C	False		Passengers in absence of driver	intronic	0.654427	9.319	146619	0.22335626722786145
251	ATM	+	Intron	6726c157-f688-491d-8b56-35628645df89	DO23610	11:108174121-108174121:G:A	11:108174121:G:A	False		Passengers in absence of driver	intronic	0.234024	4.862	146619	0.18197120451034898
252	KRAS	+	Intron	6726c157-f688-491d-8b56-35628645df89	DO23610	12:25397427-25397427:G:A	12:25397427:G:A	False	mutational	Passengers in presence of driver	intronic	0.320637	5.945	46148	0.12583039768318527
253	KRAS	+	Missense_Mutation	6726c157-f688-491d-8b56-35628645df89	DO23610	12:25398285-25398285:C:A	12:25398285:C:A	True	mutational	Drivers	exonic	5.993044	33.0	46148	1.0
254	NBEA	+	Intron	6726c157-f688-491d-8b56-35628645df89	DO23610	13:35618697-35618697:C:A	13:35618697:C:A	False		Passengers in absence of driver	intronic	-0.417035	0.251	730736	0.06531726630777393
255	NBEA	+	Intron	6726c157-f688-491d-8b56-35628645df89	DO23610	13:35688829-35688829:G:T	13:35688829:G:T	False		Passengers in absence of driver	intronic	-0.265787	0.508	730736	0.07931632241182722
256	NBEA	+	Nonsense_Mutation	6726c157-f688-491d-8b56-35628645df89	DO23610	13:35697660-35697660:G:A	13:35697660:G:A	False		Passengers in absence of driver	exonic	9.681424	40.0	730736	1.0
257	NBEA	+	Intron	6726c157-f688-491d-8b56-35628645df89	DO23610	13:35969521-35969521:C:T	13:35969521:C:T	False		Passengers in absence of driver	intronic	0.227201	4.772	730736	0.12494579632635845
258	TP53	+	Intron	6726c157-f688-491d-8b56-35628645df89	DO23610	17:7582564-7582564:A:T	17:7582564:A:T	False		Passengers in absence of driver	intronic	0.391668	6.749	25760	0.04832541995973195
259	STK11	+	Missense_Mutation	6726c157-f688-491d-8b56-35628645df89	DO23610	19:1220448-1220448:A:T	19:1220448:A:T	True	mutational, CNA	Drivers	exonic	4.720107	25.6	39023	0.6908558847147784
261	ATM	+	Missense_Mutation	68c2a355-862c-4657-b296-5776ed8447b0	DO25068	11:108236087-108236087:G:A	11:108236087:G:A	False		Passengers in absence of driver	exonic	5.577897	29.7	146619	0.7080295800676628
262	NBEA	+	Intron	68c2a355-862c-4657-b296-5776ed8447b0	DO25068	13:35626240-35626240:A:G	13:35626240:A:G	False		Passengers in absence of driver	intronic	0.270382	5.332	730736	0.12894249870674776
263	NBEA	+	Intron	68c2a355-862c-4657-b296-5776ed8447b0	DO25068	13:35837548-35837548:A:C	13:35837548:A:C	False		Passengers in absence of driver	intronic	0.102218	3.079	730736	0.1133777489534815
264	NBEA	+	Intron	68c2a355-862c-4657-b296-5776ed8447b0	DO25068	13:35956977-35956977:A:G	13:35956977:A:G	False		Passengers in absence of driver	intronic	0.127941	3.422	730736	0.11575859180868994
265	MET	+	Intron	68c2a355-862c-4657-b296-5776ed8447b0	DO25068	7:116358283-116358283:A:C	7:116358283:A:C	False		Passengers in absence of driver	intronic	0.065614	2.62	125997	0.08451128877024913
266	NBEA	+	Intron	9c7b3ac8-1352-49cd-8a8c-df6b19f6fd64	DO25737	13:36184416-36184416:G:T	13:36184416:G:T	False		Passengers in absence of driver	intronic	0.359235	6.389	730736	0.13716646287165207
267	NBEA	+	Intron	9ffcb7fa-424c-4f93-87a7-ce5e9053c613	DO26230	13:35561825-35561825:C:T	13:35561825:C:T	False		Passengers in absence of driver	intronic	0.657999	9.35	730736	0.16481915247992046
268	NBEA	+	Intron	9ffcb7fa-424c-4f93-87a7-ce5e9053c613	DO26230	13:35752654-35752654:G:T	13:35752654:G:T	False		Passengers in absence of driver	intronic	-0.448834	0.216	730736	0.06237404732271107
269	NBEA	+	Intron	9ffcb7fa-424c-4f93-87a7-ce5e9053c613	DO26230	13:35847374-35847374:C:T	13:35847374:C:T	False		Passengers in absence of driver	intronic	-0.372203	0.309	730736	0.0694667802402353
270	NBEA	+	Intron	9ffcb7fa-424c-4f93-87a7-ce5e9053c613	DO26230	13:36023447-36023447:G:T	13:36023447:G:T	False		Passengers in absence of driver	intronic	-0.128561	0.997	730736	0.09201754472838555
271	NBEA	+	Intron	9ffcb7fa-424c-4f93-87a7-ce5e9053c613	DO26230	13:36060259-36060259:C:T	13:36060259:C:T	False		Passengers in absence of driver	intronic	0.013597	2.049	730736	0.10517525800485869
272	NBEA	+	Intron	9ffcb7fa-424c-4f93-87a7-ce5e9053c613	DO26230	13:36172550-36172550:G:T	13:36172550:G:T	False		Passengers in absence of driver	intronic	0.272046	5.353	730736	0.1290965134993873
273	NBEA	+	Intron	9ffcb7fa-424c-4f93-87a7-ce5e9053c613	DO26230	13:36217597-36217597:A:T	13:36217597:A:T	False		Passengers in absence of driver	intronic	0.484721	7.722	730736	0.14878106639879446
274	TP53	+	Missense_Mutation	9ffcb7fa-424c-4f93-87a7-ce5e9053c613	DO26230	17:7577538-7577538:C:G	17:7577538:C:G	True	mutational, CNA	Drivers	exonic	5.765739	32.0	25760	0.6420572458631557
275	STK11	+	Intron	9ffcb7fa-424c-4f93-87a7-ce5e9053c613	DO26230	19:1225430-1225430:G:A	19:1225430:G:A	False		Passengers in absence of driver	intronic	-0.252927	0.54	39023	0.040771379535772506
276	KEAP1	+	Missense_Mutation	9ffcb7fa-424c-4f93-87a7-ce5e9053c613	DO26230	19:10597396-10597396:C:A	19:10597396:C:A	True	mutational	Drivers	exonic	5.387122	28.6	17622	0.9084057777104282
277	EGFR	+	Intron	9ffcb7fa-424c-4f93-87a7-ce5e9053c613	DO26230	7:55136809-55136809:A:G	7:55136809:A:G	False		Passengers in absence of driver	intronic	-0.029321	1.655	237600	0.14153739441595736
278	EGFR	+	Intron	9ffcb7fa-424c-4f93-87a7-ce5e9053c613	DO26230	7:55183552-55183552:T:G	7:55183552:T:G	False		Passengers in absence of driver	intronic	-0.213236	0.655	237600	0.11173157829911644
279	EGFR	+	Intron	9ffcb7fa-424c-4f93-87a7-ce5e9053c613	DO26230	7:55258841-55258841:G:C	7:55258841:G:C	False		Passengers in absence of driver	intronic	-0.050846	1.484	237600	0.1380489884027719
280	EGFR	+	3'UTR	9ffcb7fa-424c-4f93-87a7-ce5e9053c613	DO26230	7:55275887-55275887:G:T	7:55275887:G:T	False		Passengers in absence of driver	UTR3	0.0404	2.33	237600	0.15283658863873564
281	RBM10	+	Intron	9ffcb7fa-424c-4f93-87a7-ce5e9053c613	DO26230	X:47009056-47009056:G:A	X:47009056:G:A	False		Passengers in absence of driver	intronic	-0.043991	1.537	41945	0.05661456362086751
282	ATM	+	Intron	b7f11036-7ac4-41bc-a9a4-64162725fdfc	DO26280	11:108196499-108196499:G:C	11:108196499:G:C	False		Passengers in absence of driver	intronic	0.83692	10.83	146619	0.2413211348679758
283	NBEA	+	Intron	b7f11036-7ac4-41bc-a9a4-64162725fdfc	DO26280	13:35928286-35928286:G:C	13:35928286:G:C	False		Passengers in absence of driver	intronic	0.349565	6.28	730736	0.13627143700336822
284	NBEA	+	Intron	b7f11036-7ac4-41bc-a9a4-64162725fdfc	DO26280	13:36194510-36194510:A:G	13:36194510:A:G	False		Passengers in absence of driver	intronic	-0.092384	1.199	730736	0.09536597811379453
285	STK11	+	Intron	b7f11036-7ac4-41bc-a9a4-64162725fdfc	DO26280	19:1210500-1210500:C:T	19:1210500:C:T	False		Passengers in absence of driver	intronic	-0.042928	1.545	39023	0.0682228500069348
286	EGFR	+	Intron	b7f11036-7ac4-41bc-a9a4-64162725fdfc	DO26280	7:55093223-55093223:C:A	7:55093223:C:A	False		Passengers in absence of driver	intronic	-0.029908	1.65	237600	0.1414422634366431
287	EGFR	+	Intron	b7f11036-7ac4-41bc-a9a4-64162725fdfc	DO26280	7:55114349-55114349:C:T	7:55114349:C:T	False		Passengers in absence of driver	intronic	-0.29315	0.446	237600	0.09878047594660996
289	KRAS	+	Missense_Mutation	bce88385-4a1b-4a8c-920c-060f6a2675d4	DO25444	12:25398284-25398284:C:A	12:25398284:C:A	True	mutational	Drivers	exonic	5.714751	31.0	46148	0.9571125130588207
290	NBEA	+	Intron	bce88385-4a1b-4a8c-920c-060f6a2675d4	DO25444	13:35632368-35632368:G:A	13:35632368:G:A	False		Passengers in absence of driver	intronic	0.479916	7.673	730736	0.14833633017365447
291	NBEA	+	Intron	bce88385-4a1b-4a8c-920c-060f6a2675d4	DO25444	13:35632740-35632740:T:G	13:35632740:T:G	False		Passengers in absence of driver	intronic	0.349462	6.279	730736	0.136261903635795
292	NBEA	+	Intron	bce88385-4a1b-4a8c-920c-060f6a2675d4	DO25444	13:35634390-35634390:G:T	13:35634390:G:T	False		Passengers in absence of driver	intronic	0.193646	4.323	730736	0.12184004730771683
293	NBEA	+	Intron	bce88385-4a1b-4a8c-920c-060f6a2675d4	DO25444	13:35681892-35681892:A:G	13:35681892:A:G	False		Passengers in absence of driver	intronic	0.580633	8.65	730736	0.1576583901918493
294	NBEA	+	Intron	bce88385-4a1b-4a8c-920c-060f6a2675d4	DO25444	13:35693616-35693616:A:G	13:35693616:A:G	False		Passengers in absence of driver	intronic	-0.079983	1.278	730736	0.09651377705821935
295	NBEA	+	Intron	bce88385-4a1b-4a8c-920c-060f6a2675d4	DO25444	13:35737636-35737636:G:C	13:35737636:G:C	False		Passengers in absence of driver	intronic	-0.12338	1.024	730736	0.09249708237301624
296	NBEA	+	Intron	bce88385-4a1b-4a8c-920c-060f6a2675d4	DO25444	13:35862623-35862623:G:T	13:35862623:G:T	False		Passengers in absence of driver	intronic	-0.5213	0.156	730736	0.05566681417161931
297	NBEA	+	Intron	bce88385-4a1b-4a8c-920c-060f6a2675d4	DO25444	13:35966644-35966644:C:T	13:35966644:C:T	False		Passengers in absence of driver	intronic	-0.181193	0.766	730736	0.08714608645542637
298	NBEA	+	Intron	bce88385-4a1b-4a8c-920c-060f6a2675d4	DO25444	13:35985022-35985022:G:T	13:35985022:G:T	False		Passengers in absence of driver	intronic	0.867031	11.05	730736	0.18416652034952843
299	NBEA	+	Intron	bce88385-4a1b-4a8c-920c-060f6a2675d4	DO25444	13:36008324-36008324:G:A	13:36008324:G:A	False		Passengers in absence of driver	intronic	0.38216	6.645	730736	0.1392883313339486
300	NBEA	+	Intron	bce88385-4a1b-4a8c-920c-060f6a2675d4	DO25444	13:36036031-36036031:G:T	13:36036031:G:T	False		Passengers in absence of driver	intronic	0.186024	4.219	730736	0.12113457810729703
301	NBEA	+	Intron	bce88385-4a1b-4a8c-920c-060f6a2675d4	DO25444	13:36039798-36039798:C:G	13:36039798:C:G	False		Passengers in absence of driver	intronic	0.418374	7.036	730736	0.14264018932712658
302	NBEA	+	Intron	bce88385-4a1b-4a8c-920c-060f6a2675d4	DO25444	13:36131062-36131062:C:T	13:36131062:C:T	False		Passengers in absence of driver	intronic	0.199536	4.403	730736	0.12238520784175942
303	NBEA	+	Intron	bce88385-4a1b-4a8c-920c-060f6a2675d4	DO25444	13:36164756-36164756:G:T	13:36164756:G:T	False		Passengers in absence of driver	intronic	0.949079	11.64	730736	0.19176063435583174
304	TP53	+	Missense_Mutation	bce88385-4a1b-4a8c-920c-060f6a2675d4	DO25444	17:7578403-7578403:C:T	17:7578403:C:T	True	mutational	Drivers	exonic	5.579751	29.7	25760	0.621509137206585
305	KEAP1	+	Missense_Mutation	bce88385-4a1b-4a8c-920c-060f6a2675d4	DO25444	19:10600419-10600419:T:C	19:10600419:T:C	True	mutational	Drivers	exonic	4.569907	25.1	17622	0.7703479881048132
306	EGFR	+	Intron	bce88385-4a1b-4a8c-920c-060f6a2675d4	DO25444	7:55098467-55098467:C:G	7:55098467:C:G	False		Passengers in absence of driver	intronic	0.253198	5.112	237600	0.18732327030163165
307	EGFR	+	Intron	bce88385-4a1b-4a8c-920c-060f6a2675d4	DO25444	7:55249432-55249432:G:A	7:55249432:G:A	False		Passengers in absence of driver	ncRNA	-0.016738	1.763	237600	0.14357663310882207
308	EGFR	+	Intron	bce88385-4a1b-4a8c-920c-060f6a2675d4	DO25444	7:55290232-55290232:G:T	7:55290232:G:T	False		Passengers in absence of driver	intergenic	-0.343468	0.353	237600	0.09062579005711101
309	EGFR	+	Intron	bce88385-4a1b-4a8c-920c-060f6a2675d4	DO25444	7:55301429-55301429:G:T	7:55301429:G:T	False		Passengers in absence of driver	intergenic	-0.131369	0.983	237600	0.12499918968501438
312	ATM	+	Intron	bd3e88b3-b37c-4641-85fa-d8125ba324ca	DO25189	11:108128407-108128407:G:T	11:108128407:G:T	False		Passengers in absence of driver	intronic	-0.401465	0.27	146619	0.11941277338286117
313	ATM	+	Intron	bd3e88b3-b37c-4641-85fa-d8125ba324ca	DO25189	11:108174961-108174961:A:T	11:108174961:A:T	False		Passengers in absence of driver	intronic	0.498331	7.857	146619	0.20798995740145004
314	ATM	+	Intron	bd3e88b3-b37c-4641-85fa-d8125ba324ca	DO25189	11:108175004-108175004:A:C	11:108175004:A:C	False		Passengers in absence of driver	intronic	0.123727	3.365	146619	0.17111341267120067
315	KRAS	+	5'Flank	bd3e88b3-b37c-4641-85fa-d8125ba324ca	DO25189	12:25404117-25404117:G:T	12:25404117:G:T	False		Passengers in absence of driver	upstream	0.472976	7.603	46148	0.1493072256060302
316	NBEA	+	5'Flank	bd3e88b3-b37c-4641-85fa-d8125ba324ca	DO25189	13:35514473-35514473:T:A	13:35514473:T:A	False		Passengers in absence of driver	intergenic	1.023147	12.14	730736	0.19861614376762574
317	NBEA	+	Nonsense_Mutation	bd3e88b3-b37c-4641-85fa-d8125ba324ca	DO25189	13:35517201-35517201:C:T	13:35517201:C:T	False		Passengers in absence of driver	exonic	9.451212	39.0	730736	0.9786922755750402
318	NBEA	+	Intron	bd3e88b3-b37c-4641-85fa-d8125ba324ca	DO25189	13:35542303-35542303:G:T	13:35542303:G:T	False		Passengers in absence of driver	intronic	-0.202668	0.689	730736	0.08515842559488908
319	NBEA	+	Intron	bd3e88b3-b37c-4641-85fa-d8125ba324ca	DO25189	13:35551288-35551288:G:T	13:35551288:G:T	False		Passengers in absence of driver	intronic	-0.543576	0.141	730736	0.0536050151807309
320	NBEA	+	Intron	bd3e88b3-b37c-4641-85fa-d8125ba324ca	DO25189	13:35562691-35562691:G:T	13:35562691:G:T	False		Passengers in absence of driver	intronic	0.229551	4.803	730736	0.12516330519817512
321	NBEA	+	Intron	bd3e88b3-b37c-4641-85fa-d8125ba324ca	DO25189	13:35580360-35580360:G:A	13:35580360:G:A	False		Passengers in absence of driver	intronic	-0.046604	1.516	730736	0.0996032360507164
322	NBEA	+	Intron	bd3e88b3-b37c-4641-85fa-d8125ba324ca	DO25189	13:35604345-35604345:G:T	13:35604345:G:T	False		Passengers in absence of driver	intronic	-0.085004	1.246	730736	0.09604904852826554
323	NBEA	+	Missense_Mutation	bd3e88b3-b37c-4641-85fa-d8125ba324ca	DO25189	13:35622767-35622767:G:T	13:35622767:G:T	False		Passengers in absence of driver	exonic	5.601247	29.8	730736	0.622351193156486
324	NBEA	+	Intron	bd3e88b3-b37c-4641-85fa-d8125ba324ca	DO25189	13:35625413-35625413:A:T	13:35625413:A:T	False		Passengers in absence of driver	intronic	0.105753	3.125	730736	0.11370493783087379
325	NBEA	+	Intron	bd3e88b3-b37c-4641-85fa-d8125ba324ca	DO25189	13:35642502-35642502:A:T	13:35642502:A:T	False		Passengers in absence of driver	intronic	0.3047	5.755	730736	0.13211886869100475
326	NBEA	+	Intron	bd3e88b3-b37c-4641-85fa-d8125ba324ca	DO25189	13:35646091-35646091:G:T	13:35646091:G:T	False		Passengers in absence of driver	intronic	0.341995	6.193	730736	0.13557078076521842
327	NBEA	+	Intron	bd3e88b3-b37c-4641-85fa-d8125ba324ca	DO25189	13:35675582-35675582:C:G	13:35675582:C:G	False		Passengers in absence of driver	intronic	-0.389299	0.285	730736	0.06788442633701083
328	NBEA	+	Intron	bd3e88b3-b37c-4641-85fa-d8125ba324ca	DO25189	13:35680928-35680928:G:T	13:35680928:G:T	False		Passengers in absence of driver	intronic	-0.094994	1.183	730736	0.09512440443062795
329	NBEA	+	Intron	bd3e88b3-b37c-4641-85fa-d8125ba324ca	DO25189	13:35700065-35700065:G:A	13:35700065:G:A	False		Passengers in absence of driver	intronic	-0.101876	1.142	730736	0.0944874273855887
330	NBEA	+	Intron	bd3e88b3-b37c-4641-85fa-d8125ba324ca	DO25189	13:35703921-35703921:G:T	13:35703921:G:T	False		Passengers in absence of driver	intronic	0.031062	2.229	730736	0.1067917654288067
331	NBEA	+	Intron	bd3e88b3-b37c-4641-85fa-d8125ba324ca	DO25189	13:35711706-35711706:G:T	13:35711706:G:T	False		Passengers in absence of driver	intronic	1.175982	13.08	730736	0.2127620877778803
332	NBEA	+	Intron	bd3e88b3-b37c-4641-85fa-d8125ba324ca	DO25189	13:35740941-35740941:G:T	13:35740941:G:T	False		Passengers in absence of driver	intronic	-0.204424	0.683	730736	0.08499589556131033
333	NBEA	+	Intron	bd3e88b3-b37c-4641-85fa-d8125ba324ca	DO25189	13:35788021-35788021:G:T	13:35788021:G:T	False		Passengers in absence of driver	intronic	-0.066682	1.368	730736	0.09774487727270162
334	NBEA	+	Intron	bd3e88b3-b37c-4641-85fa-d8125ba324ca	DO25189	13:35796031-35796031:G:T	13:35796031:G:T	False		Passengers in absence of driver	intronic	-0.192717	0.724	730736	0.08607945997082418
335	NBEA	+	Intron	bd3e88b3-b37c-4641-85fa-d8125ba324ca	DO25189	13:35808337-35808337:G:T	13:35808337:G:T	False		Passengers in absence of driver	intronic	-0.168807	0.815	730736	0.08829249704535022
336	NBEA	+	Intron	bd3e88b3-b37c-4641-85fa-d8125ba324ca	DO25189	13:35826291-35826291:G:T	13:35826291:G:T	False		Passengers in absence of driver	intronic	-0.762448	0.055	730736	0.0333468867584949
337	NBEA	+	Intron	bd3e88b3-b37c-4641-85fa-d8125ba324ca	DO25189	13:35827140-35827140:G:T	13:35827140:G:T	False		Passengers in absence of driver	intronic	0.52483	8.118	730736	0.15249343377738772
338	NBEA	+	Intron	bd3e88b3-b37c-4641-85fa-d8125ba324ca	DO25189	13:35852926-35852926:G:A	13:35852926:G:A	False		Passengers in absence of driver	intronic	-0.172469	0.8	730736	0.08795355343318317
339	NBEA	+	Intron	bd3e88b3-b37c-4641-85fa-d8125ba324ca	DO25189	13:35886977-35886977:G:T	13:35886977:G:T	False		Passengers in absence of driver	intronic	-0.283304	0.468	730736	0.07769500202560921
340	NBEA	+	Intron	bd3e88b3-b37c-4641-85fa-d8125ba324ca	DO25189	13:35907471-35907471:G:T	13:35907471:G:T	False		Passengers in absence of driver	intronic	-0.366443	0.317	730736	0.06999990836860293
341	NBEA	+	Missense_Mutation	bd3e88b3-b37c-4641-85fa-d8125ba324ca	DO25189	13:35926456-35926456:C:A	13:35926456:C:A	False		Passengers in absence of driver	exonic	3.078018	21.0	730736	0.3888087705500763
342	NBEA	+	Intron	bd3e88b3-b37c-4641-85fa-d8125ba324ca	DO25189	13:35927438-35927438:G:C	13:35927438:G:C	False		Passengers in absence of driver	intronic	-0.121678	1.033	730736	0.09265461433039153
343	NBEA	+	Intron	bd3e88b3-b37c-4641-85fa-d8125ba324ca	DO25189	13:35941375-35941375:G:T	13:35941375:G:T	False		Passengers in absence of driver	intronic	-0.102656	1.138	730736	0.09441523295153892
344	NBEA	+	Intron	bd3e88b3-b37c-4641-85fa-d8125ba324ca	DO25189	13:35954121-35954121:A:T	13:35954121:A:T	False		Passengers in absence of driver	intronic	-0.180498	0.769	730736	0.08721041354730405
345	NBEA	+	Intron	bd3e88b3-b37c-4641-85fa-d8125ba324ca	DO25189	13:35984251-35984251:G:T	13:35984251:G:T	False		Passengers in absence of driver	intronic	-0.017008	1.761	730736	0.10234255203807202
346	NBEA	+	Intron	bd3e88b3-b37c-4641-85fa-d8125ba324ca	DO25189	13:36008913-36008913:G:T	13:36008913:G:T	False		Passengers in absence of driver	intronic	-0.078043	1.291	730736	0.0966933375736765
347	NBEA	+	Intron	bd3e88b3-b37c-4641-85fa-d8125ba324ca	DO25189	13:36063410-36063410:C:A	13:36063410:C:A	False		Passengers in absence of driver	intronic	2.510965	18.84	730736	0.33632406489465116
348	NBEA	+	Intron	bd3e88b3-b37c-4641-85fa-d8125ba324ca	DO25189	13:36063463-36063463:G:T	13:36063463:G:T	False		Passengers in absence of driver	intronic	2.144509	17.38	730736	0.30240600909446247
349	NBEA	+	Intron	bd3e88b3-b37c-4641-85fa-d8125ba324ca	DO25189	13:36068716-36068716:A:T	13:36068716:A:T	False		Passengers in absence of driver	intronic	0.395092	6.786	730736	0.1404852780277073
350	NBEA	+	Intron	bd3e88b3-b37c-4641-85fa-d8125ba324ca	DO25189	13:36098590-36098590:A:T	13:36098590:A:T	False		Passengers in absence of driver	intronic	0.191385	4.292	730736	0.12163077600593919
351	NBEA	+	Intron	bd3e88b3-b37c-4641-85fa-d8125ba324ca	DO25189	13:36131890-36131890:G:T	13:36131890:G:T	False		Passengers in absence of driver	intronic	0.025789	2.173	730736	0.10630371254323684
352	NBEA	+	Intron	bd3e88b3-b37c-4641-85fa-d8125ba324ca	DO25189	13:36197466-36197466:G:T	13:36197466:G:T	False		Passengers in absence of driver	intronic	-0.063257	1.393	730736	0.09806188488375354
353	NBEA	+	Intron	bd3e88b3-b37c-4641-85fa-d8125ba324ca	DO25189	13:36218969-36218969:G:T	13:36218969:G:T	False		Passengers in absence of driver	intronic	-0.248525	0.552	730736	0.08091404077152896
354	NBEA	+	Intron	bd3e88b3-b37c-4641-85fa-d8125ba324ca	DO25189	13:36237422-36237422:A:T	13:36237422:A:T	False		Passengers in absence of driver	intronic	-0.196532	0.71	730736	0.08572635514274736
355	NBEA	+	Intron	bd3e88b3-b37c-4641-85fa-d8125ba324ca	DO25189	13:36244342-36244342:G:T	13:36244342:G:T	False		Passengers in absence of driver	intronic	-0.283205	0.468	730736	0.07770416516531554
356	TP53	+	3'UTR	bd3e88b3-b37c-4641-85fa-d8125ba324ca	DO25189	17:7572736-7572736:C:A	17:7572736:C:A	False	mutational, CNA	Passengers in presence of driver	UTR3	-0.045742	1.523	25760	0.0
357	TP53	+	Missense_Mutation	bd3e88b3-b37c-4641-85fa-d8125ba324ca	DO25189	17:7577153-7577153:C:A	17:7577153:C:A	True	mutational, CNA	Drivers	exonic	4.92562	26.3	25760	0.5492402012342035
358	EGFR	+	Intron	bd3e88b3-b37c-4641-85fa-d8125ba324ca	DO25189	7:55118193-55118193:G:T	7:55118193:G:T	False		Passengers in absence of driver	intronic	0.1163	3.265	237600	0.16513717012076934
359	EGFR	+	Intron	bd3e88b3-b37c-4641-85fa-d8125ba324ca	DO25189	7:55128746-55128746:C:T	7:55128746:C:T	False		Passengers in absence of driver	intronic	0.04962	2.434	237600	0.15433080947225805
360	EGFR	+	Intron	bd3e88b3-b37c-4641-85fa-d8125ba324ca	DO25189	7:55147337-55147337:G:T	7:55147337:G:T	False		Passengers in absence of driver	intronic	-0.045936	1.522	237600	0.1388447177186716
361	EGFR	+	Intron	bd3e88b3-b37c-4641-85fa-d8125ba324ca	DO25189	7:55152265-55152265:A:G	7:55152265:A:G	False		Passengers in absence of driver	intronic	-0.394141	0.279	237600	0.08241357180363153
362	EGFR	+	Intron	bd3e88b3-b37c-4641-85fa-d8125ba324ca	DO25189	7:55182530-55182530:G:T	7:55182530:G:T	False		Passengers in absence of driver	intronic	0.111168	3.197	237600	0.1643054628195072
363	EGFR	+	3'UTR	bd3e88b3-b37c-4641-85fa-d8125ba324ca	DO25189	7:55273899-55273899:G:C	7:55273899:G:C	False		Passengers in absence of driver	UTR3	0.822292	10.71	237600	0.27955234958933234
364	EGFR	+	Intron	bd3e88b3-b37c-4641-85fa-d8125ba324ca	DO25189	7:55285211-55285211:G:T	7:55285211:G:T	False		Passengers in absence of driver	intergenic	-0.55165	0.136	237600	0.056887191188958984
365	EGFR	+	Intron	bd3e88b3-b37c-4641-85fa-d8125ba324ca	DO25189	7:55309137-55309137:A:T	7:55309137:A:T	False		Passengers in absence of driver	ncRNA	0.045536	2.387	237600	0.15366894419198632
366	MET	+	Intron	bd3e88b3-b37c-4641-85fa-d8125ba324ca	DO25189	7:116312762-116312762:G:T	7:116312762:G:T	False		Passengers in absence of driver	intronic	0.995781	11.96	125997	0.21692292734340402
367	MET	+	Intron	bd3e88b3-b37c-4641-85fa-d8125ba324ca	DO25189	7:116355131-116355131:A:T	7:116355131:A:T	False		Passengers in absence of driver	intronic	0.08245	2.826	125997	0.08690793619702049
368	MET	+	Intron	bd3e88b3-b37c-4641-85fa-d8125ba324ca	DO25189	7:116370971-116370971:G:T	7:116370971:G:T	False		Passengers in absence of driver	intronic	-0.231931	0.598	125997	0.042155001136685064
369	MET	+	Intron	bd3e88b3-b37c-4641-85fa-d8125ba324ca	DO25189	7:116372029-116372029:A:T	7:116372029:A:T	False		Passengers in absence of driver	intronic	-0.027938	1.667	125997	0.07119392359625801
370	MET	+	Splice_Site	bd3e88b3-b37c-4641-85fa-d8125ba324ca	DO25189	7:116403323-116403323:G:T	7:116403323:G:T	False		Passengers in absence of driver	splicing	6.496751	34.0	125997	1.0
371	MET	+	Intron	bd3e88b3-b37c-4641-85fa-d8125ba324ca	DO25189	7:116404916-116404916:A:T	7:116404916:A:T	False		Passengers in absence of driver	intronic	0.137245	3.549	125997	0.09470814383244082
372	RBM10	+	Intron	bd3e88b3-b37c-4641-85fa-d8125ba324ca	DO25189	X:47045815-47045815:C:T	X:47045815:C:T	False		Passengers in absence of driver	intronic	0.072151	2.699	41945	0.06757649577207425
373	NBEA	+	Intron	bf7462a2-394f-4838-bcb6-4d0126fa48b1	DO23702	13:35925295-35925295:G:A	13:35925295:G:A	False		Passengers in absence of driver	intronic	-0.280909	0.473	730736	0.07791667596092873
374	EGFR	+	Missense_Mutation	bf7462a2-394f-4838-bcb6-4d0126fa48b1	DO23702	7:55259439-55259439:T:G	7:55259439:T:G	False	mutational, CNA	Passengers in presence of driver	exonic	2.570907	19.08	237600	0.5629381373127362
378	NBEA	+	Intron	c437535b-2acc-4236-beae-94e2c1336830	DO26354	13:35737562-35737562:G:A	13:35737562:G:A	False		Passengers in absence of driver	intronic	-0.216489	0.644	730736	0.08387919575770697
379	NBEA	+	Intron	c437535b-2acc-4236-beae-94e2c1336830	DO26354	13:35774060-35774060:A:G	13:35774060:A:G	False		Passengers in absence of driver	intronic	0.579614	8.64	730736	0.15756407464275093
380	MET	+	Intron	c437535b-2acc-4236-beae-94e2c1336830	DO26354	7:116318863-116318863:C:A	7:116318863:C:A	False		Passengers in absence of driver	intronic	1.536797	14.9	125997	0.293937931159164
383	ATM	+	Intron	cd0aeed5-93a1-4287-8a88-fe6b7b5e3983	DO26062	11:108191631-108191631:C:T	11:108191631:C:T	False		Passengers in absence of driver	intronic	0.3242	5.987	146619	0.19084825680449152
384	NBEA	+	Intron	cd0aeed5-93a1-4287-8a88-fe6b7b5e3983	DO26062	13:35601047-35601047:C:T	13:35601047:C:T	False		Passengers in absence of driver	intronic	0.084474	2.851	730736	0.11173541813581568
385	NBEA	+	Intron	cd0aeed5-93a1-4287-8a88-fe6b7b5e3983	DO26062	13:35969590-35969590:C:A	13:35969590:C:A	False		Passengers in absence of driver	intronic	-0.272024	0.493	730736	0.07873904461032914
390	KRAS	+	Missense_Mutation	d5443922-fea5-4ff0-bd6e-8ce04e1951d8	DO25985	12:25398285-25398285:C:A	12:25398285:C:A	True	mutational	Drivers	exonic	5.993044	33.0	46148	1.0
391	NBEA	+	Intron	d5443922-fea5-4ff0-bd6e-8ce04e1951d8	DO25985	13:35686789-35686789:G:T	13:35686789:G:T	False		Passengers in absence of driver	intronic	-0.645741	0.09	730736	0.044148932674710296
392	NBEA	+	Intron	d5443922-fea5-4ff0-bd6e-8ce04e1951d8	DO25985	13:35788194-35788194:G:T	13:35788194:G:T	False		Passengers in absence of driver	intronic	-0.685244	0.076	730736	0.04049265481795572
393	NBEA	+	Intron	d5443922-fea5-4ff0-bd6e-8ce04e1951d8	DO25985	13:35800812-35800812:G:T	13:35800812:G:T	False		Passengers in absence of driver	intronic	-0.341947	0.355	730736	0.07226718382563303
394	NBEA	+	Intron	d5443922-fea5-4ff0-bd6e-8ce04e1951d8	DO25985	13:35874358-35874358:G:T	13:35874358:G:T	False		Passengers in absence of driver	intronic	0.002434	1.94	730736	0.10414204458524622
395	NBEA	+	Intron	d5443922-fea5-4ff0-bd6e-8ce04e1951d8	DO25985	13:35875913-35875913:G:A	13:35875913:G:A	False		Passengers in absence of driver	intronic	-0.025023	1.692	730736	0.10160070794972713
396	NBEA	+	Intron	d5443922-fea5-4ff0-bd6e-8ce04e1951d8	DO25985	13:35914308-35914308:G:C	13:35914308:G:C	False		Passengers in absence of driver	intronic	-0.214852	0.65	730736	0.08403071151224477
397	NBEA	+	Intron	d5443922-fea5-4ff0-bd6e-8ce04e1951d8	DO25985	13:35923664-35923664:A:T	13:35923664:A:T	False		Passengers in absence of driver	intronic	0.340025	6.171	730736	0.13538844354075935
398	NBEA	+	Intron	d5443922-fea5-4ff0-bd6e-8ce04e1951d8	DO25985	13:35949624-35949624:C:A	13:35949624:C:A	False		Passengers in absence of driver	intronic	-0.643911	0.09	730736	0.0443183119238271
399	NBEA	+	Intron	d5443922-fea5-4ff0-bd6e-8ce04e1951d8	DO25985	13:35987184-35987184:G:T	13:35987184:G:T	False		Passengers in absence of driver	intronic	-0.271082	0.495	730736	0.07882623327298927
400	NBEA	+	Intron	d5443922-fea5-4ff0-bd6e-8ce04e1951d8	DO25985	13:36151710-36151710:G:T	13:36151710:G:T	False		Passengers in absence of driver	intronic	0.490742	7.782	730736	0.14933835189547875
401	NBEA	+	Intron	d5443922-fea5-4ff0-bd6e-8ce04e1951d8	DO25985	13:36225239-36225239:G:C	13:36225239:G:C	False		Passengers in absence of driver	intronic	1.202043	13.23	730736	0.21517421488784363
402	KEAP1	+	IGR	d5443922-fea5-4ff0-bd6e-8ce04e1951d8	DO25985	19:10594133-10594133:C:A	19:10594133:C:A	False		Passengers in absence of driver	intergenic	0.020413	2.118	17622	0.0017704589796648934
403	EGFR	+	Intron	d5443922-fea5-4ff0-bd6e-8ce04e1951d8	DO25985	7:55303677-55303677:G:T	7:55303677:G:T	False		Passengers in absence of driver	intergenic	-0.449488	0.216	237600	0.07344387110157462
404	RBM10	+	Intron	d5443922-fea5-4ff0-bd6e-8ce04e1951d8	DO25985	X:47016998-47016998:G:T	X:47016998:G:T	False		Passengers in absence of driver	intronic	-0.058745	1.425	41945	0.055222023911211185
405	RBM10	+	Intron	d5443922-fea5-4ff0-bd6e-8ce04e1951d8	DO25985	X:47029520-47029520:G:C	X:47029520:G:C	False		Passengers in absence of driver	intronic	-0.01047	1.82	41945	0.059778405535425565
406	RBM10	+	Missense_Mutation	d5443922-fea5-4ff0-bd6e-8ce04e1951d8	DO25985	X:47045727-47045727:G:T	X:47045727:G:T	False		Passengers in absence of driver	exonic	5.710191	31.0	41945	0.5997165652197304
407	RBM10	+	3'UTR	d5443922-fea5-4ff0-bd6e-8ce04e1951d8	DO25985	X:47046095-47046095:G:T	X:47046095:G:T	False		Passengers in absence of driver	UTR3	-0.643824	0.09	41945	0.0
408	TP53	+	Missense_Mutation	de614a3e-1c0d-49c7-a2f1-28bc58e6e5c7	DO24675	17:7577099-7577099:C:A	17:7577099:C:A	True	mutational	Drivers	exonic	6.339131	33.0	25760	0.7054060700819679
409	STK11	+	Splice_Site	de614a3e-1c0d-49c7-a2f1-28bc58e6e5c7	DO24675	19:1222006-1222006:G:A	19:1222006:G:A	True	mutational, CNA	Drivers	splicing	6.502759	34.0	39023	0.9238875598101761
410	EGFR	+	Intron	de614a3e-1c0d-49c7-a2f1-28bc58e6e5c7	DO24675	7:55116106-55116106:G:A	7:55116106:G:A	False		Passengers in absence of driver	intronic	0.713712	9.829	237600	0.2619555493611477
424	EGFR	+	Intron	fa6a60f5-8949-4e01-9435-d3117601627f	DO23735	7:55094107-55094107:G:A	7:55094107:G:A	False		Passengers in absence of driver	intronic	0.103698	3.098	237600	0.1630948522309592
425	NBEA	+	Intron	fa8844f8-c4b6-487a-8187-e30c12a7a453	DO24860	13:35706841-35706841:A:C	13:35706841:A:C	False		Passengers in absence of driver	intronic	0.027653	2.193	730736	0.10647623872922246
426	NBEA	+	Intron	fa8844f8-c4b6-487a-8187-e30c12a7a453	DO24860	13:35715232-35715232:A:C	13:35715232:A:C	False		Passengers in absence of driver	intronic	0.039764	2.323	730736	0.10759719615329542
427	NBEA	+	Missense_Mutation	fa8844f8-c4b6-487a-8187-e30c12a7a453	DO24860	13:35751179-35751179:C:A	13:35751179:C:A	False		Passengers in absence of driver	exonic	3.696521	22.9	730736	0.446055532143785
428	NBEA	+	Intron	fa8844f8-c4b6-487a-8187-e30c12a7a453	DO24860	13:35864016-35864016:T:A	13:35864016:T:A	False		Passengers in absence of driver	intronic	0.271394	5.345	730736	0.12903616635707904
429	NBEA	+	Intron	fa8844f8-c4b6-487a-8187-e30c12a7a453	DO24860	13:36014663-36014663:C:G	13:36014663:C:G	False		Passengers in absence of driver	intronic	-0.241428	0.571	730736	0.08157091756441526
430	NBEA	+	Intron	fa8844f8-c4b6-487a-8187-e30c12a7a453	DO24860	13:36062123-36062123:C:A	13:36062123:C:A	False		Passengers in absence of driver	intronic	-0.386134	0.289	730736	0.06817736913671284
431	NBEA	+	Intron	fa8844f8-c4b6-487a-8187-e30c12a7a453	DO24860	13:36080079-36080079:C:A	13:36080079:C:A	False		Passengers in absence of driver	intronic	0.272186	5.355	730736	0.1291094714747296
432	NBEA	+	Intron	fa8844f8-c4b6-487a-8187-e30c12a7a453	DO24860	13:36192761-36192761:A:C	13:36192761:A:C	False		Passengers in absence of driver	intronic	0.781296	10.39	730736	0.17623114880688978
433	TP53	+	Nonsense_Mutation	fa8844f8-c4b6-487a-8187-e30c12a7a453	DO24860	17:7578275-7578275:G:A	17:7578275:G:A	True	mutational, CNA	Drivers	exonic	9.005602	38.0	25760	1.0
434	STK11	+	Splice_Site	fa8844f8-c4b6-487a-8187-e30c12a7a453	DO24860	19:1221211-1221211:G:T	19:1221211:G:T	True	mutational, CNA	Drivers	splicing	7.085006	35.0	39023	1.0
